Date_id,Date,Day_Of_Week
69499,2023-01-01 00:00:00,Sunday
10346,2023-01-01 01:00:00,Sunday
22471,2023-01-01 02:00:00,Sunday
50260,2023-01-01 03:00:00,Sunday
46323,2023-01-01 04:00:00,Sunday
97860,2023-01-01 05:00:00,Sunday
42706,2023-01-01 06:00:00,Sunday
95192,2023-01-01 07:00:00,Sunday
24777,2023-01-01 08:00:00,Sunday
43609,2023-01-01 09:00:00,Sunday
26979,2023-01-01 10:00:00,Sunday
50409,2023-01-01 11:00:00,Sunday
53707,2023-01-01 12:00:00,Sunday
17713,2023-01-01 13:00:00,Sunday
54673,2023-01-01 14:00:00,Sunday
82243,2023-01-01 15:00:00,Sunday
31402,2023-01-01 16:00:00,Sunday
29646,2023-01-01 17:00:00,Sunday
34143,2023-01-01 18:00:00,Sunday
91439,2023-01-01 19:00:00,Sunday
63251,2023-01-01 20:00:00,Sunday
88827,2023-01-01 21:00:00,Sunday
16498,2023-01-01 22:00:00,Sunday
50995,2023-01-01 23:00:00,Sunday
49606,2023-01-02 00:00:00,Monday
92715,2023-01-02 01:00:00,Monday
40739,2023-01-02 02:00:00,Monday
59999,2023-01-02 03:00:00,Monday
42407,2023-01-02 04:00:00,Monday
65626,2023-01-02 05:00:00,Monday
48824,2023-01-02 06:00:00,Monday
60434,2023-01-02 07:00:00,Monday
13263,2023-01-02 08:00:00,Monday
49581,2023-01-02 09:00:00,Monday
92330,2023-01-02 10:00:00,Monday
38356,2023-01-02 11:00:00,Monday
81925,2023-01-02 12:00:00,Monday
17638,2023-01-02 13:00:00,Monday
22874,2023-01-02 14:00:00,Monday
15454,2023-01-02 15:00:00,Monday
70235,2023-01-02 16:00:00,Monday
43674,2023-01-02 17:00:00,Monday
34590,2023-01-02 18:00:00,Monday
89018,2023-01-02 19:00:00,Monday
69605,2023-01-02 20:00:00,Monday
27856,2023-01-02 21:00:00,Monday
39002,2023-01-02 22:00:00,Monday
69695,2023-01-02 23:00:00,Monday
32768,2023-01-03 00:00:00,Tuesday
11703,2023-01-03 01:00:00,Tuesday
85198,2023-01-03 02:00:00,Tuesday
42521,2023-01-03 03:00:00,Tuesday
65035,2023-01-03 04:00:00,Tuesday
36110,2023-01-03 05:00:00,Tuesday
75790,2023-01-03 06:00:00,Tuesday
50218,2023-01-03 07:00:00,Tuesday
74063,2023-01-03 08:00:00,Tuesday
21729,2023-01-03 09:00:00,Tuesday
65908,2023-01-03 10:00:00,Tuesday
74244,2023-01-03 11:00:00,Tuesday
83156,2023-01-03 12:00:00,Tuesday
43324,2023-01-03 13:00:00,Tuesday
79026,2023-01-03 14:00:00,Tuesday
34769,2023-01-03 15:00:00,Tuesday
75483,2023-01-03 16:00:00,Tuesday
99108,2023-01-03 17:00:00,Tuesday
71168,2023-01-03 18:00:00,Tuesday
75905,2023-01-03 19:00:00,Tuesday
65748,2023-01-03 20:00:00,Tuesday
95365,2023-01-03 21:00:00,Tuesday
25131,2023-01-03 22:00:00,Tuesday
48122,2023-01-03 23:00:00,Tuesday
29981,2023-01-04 00:00:00,Wednesday
21402,2023-01-04 01:00:00,Wednesday
77410,2023-01-04 02:00:00,Wednesday
87804,2023-01-04 03:00:00,Wednesday
17504,2023-01-04 04:00:00,Wednesday
75622,2023-01-04 05:00:00,Wednesday
41273,2023-01-04 06:00:00,Wednesday
48894,2023-01-04 07:00:00,Wednesday
38236,2023-01-04 08:00:00,Wednesday
17109,2023-01-04 09:00:00,Wednesday
49042,2023-01-04 10:00:00,Wednesday
18158,2023-01-04 11:00:00,Wednesday
44635,2023-01-04 12:00:00,Wednesday
90950,2023-01-04 13:00:00,Wednesday
87458,2023-01-04 14:00:00,Wednesday
89596,2023-01-04 15:00:00,Wednesday
27418,2023-01-04 16:00:00,Wednesday
62235,2023-01-04 17:00:00,Wednesday
61919,2023-01-04 18:00:00,Wednesday
20470,2023-01-04 19:00:00,Wednesday
36872,2023-01-04 20:00:00,Wednesday
64190,2023-01-04 21:00:00,Wednesday
36671,2023-01-04 22:00:00,Wednesday
74088,2023-01-04 23:00:00,Wednesday
94654,2023-01-05 00:00:00,Thursday
92751,2023-01-05 01:00:00,Thursday
47695,2023-01-05 02:00:00,Thursday
82037,2023-01-05 03:00:00,Thursday
21992,2023-01-05 04:00:00,Thursday
52494,2023-01-05 05:00:00,Thursday
55686,2023-01-05 06:00:00,Thursday
94385,2023-01-05 07:00:00,Thursday
66686,2023-01-05 08:00:00,Thursday
28947,2023-01-05 09:00:00,Thursday
81739,2023-01-05 10:00:00,Thursday
88514,2023-01-05 11:00:00,Thursday
72138,2023-01-05 12:00:00,Thursday
37501,2023-01-05 13:00:00,Thursday
87206,2023-01-05 14:00:00,Thursday
63792,2023-01-05 15:00:00,Thursday
94411,2023-01-05 16:00:00,Thursday
50837,2023-01-05 17:00:00,Thursday
62169,2023-01-05 18:00:00,Thursday
65990,2023-01-05 19:00:00,Thursday
21890,2023-01-05 20:00:00,Thursday
12783,2023-01-05 21:00:00,Thursday
93352,2023-01-05 22:00:00,Thursday
77476,2023-01-05 23:00:00,Thursday
95669,2023-01-06 00:00:00,Friday
20871,2023-01-06 01:00:00,Friday
13468,2023-01-06 02:00:00,Friday
63543,2023-01-06 03:00:00,Friday
89785,2023-01-06 04:00:00,Friday
93248,2023-01-06 05:00:00,Friday
97899,2023-01-06 06:00:00,Friday
21546,2023-01-06 07:00:00,Friday
96317,2023-01-06 08:00:00,Friday
12644,2023-01-06 09:00:00,Friday
40796,2023-01-06 10:00:00,Friday
43942,2023-01-06 11:00:00,Friday
40468,2023-01-06 12:00:00,Friday
18025,2023-01-06 13:00:00,Friday
36066,2023-01-06 14:00:00,Friday
86787,2023-01-06 15:00:00,Friday
73856,2023-01-06 16:00:00,Friday
27653,2023-01-06 17:00:00,Friday
15499,2023-01-06 18:00:00,Friday
16474,2023-01-06 19:00:00,Friday
83451,2023-01-06 20:00:00,Friday
84593,2023-01-06 21:00:00,Friday
37190,2023-01-06 22:00:00,Friday
71026,2023-01-06 23:00:00,Friday
92263,2023-01-07 00:00:00,Saturday
33106,2023-01-07 01:00:00,Saturday
22033,2023-01-07 02:00:00,Saturday
44053,2023-01-07 03:00:00,Saturday
89793,2023-01-07 04:00:00,Saturday
13784,2023-01-07 05:00:00,Saturday
13664,2023-01-07 06:00:00,Saturday
94539,2023-01-07 07:00:00,Saturday
50016,2023-01-07 08:00:00,Saturday
43474,2023-01-07 09:00:00,Saturday
39763,2023-01-07 10:00:00,Saturday
90926,2023-01-07 11:00:00,Saturday
14052,2023-01-07 12:00:00,Saturday
71268,2023-01-07 13:00:00,Saturday
72748,2023-01-07 14:00:00,Saturday
24564,2023-01-07 15:00:00,Saturday
24229,2023-01-07 16:00:00,Saturday
75974,2023-01-07 17:00:00,Saturday
76263,2023-01-07 18:00:00,Saturday
48184,2023-01-07 19:00:00,Saturday
45815,2023-01-07 20:00:00,Saturday
71285,2023-01-07 21:00:00,Saturday
77081,2023-01-07 22:00:00,Saturday
93817,2023-01-07 23:00:00,Saturday
14919,2023-01-08 00:00:00,Sunday
95376,2023-01-08 01:00:00,Sunday
59042,2023-01-08 02:00:00,Sunday
31189,2023-01-08 03:00:00,Sunday
70153,2023-01-08 04:00:00,Sunday
86231,2023-01-08 05:00:00,Sunday
46889,2023-01-08 06:00:00,Sunday
98816,2023-01-08 07:00:00,Sunday
45865,2023-01-08 08:00:00,Sunday
52064,2023-01-08 09:00:00,Sunday
63916,2023-01-08 10:00:00,Sunday
77740,2023-01-08 11:00:00,Sunday
10427,2023-01-08 12:00:00,Sunday
30887,2023-01-08 13:00:00,Sunday
51333,2023-01-08 14:00:00,Sunday
79509,2023-01-08 15:00:00,Sunday
81293,2023-01-08 16:00:00,Sunday
20009,2023-01-08 17:00:00,Sunday
38810,2023-01-08 18:00:00,Sunday
60437,2023-01-08 19:00:00,Sunday
82223,2023-01-08 20:00:00,Sunday
51883,2023-01-08 21:00:00,Sunday
61712,2023-01-08 22:00:00,Sunday
48953,2023-01-08 23:00:00,Sunday
96313,2023-01-09 00:00:00,Monday
19199,2023-01-09 01:00:00,Monday
78752,2023-01-09 02:00:00,Monday
40361,2023-01-09 03:00:00,Monday
82901,2023-01-09 04:00:00,Monday
40941,2023-01-09 05:00:00,Monday
95015,2023-01-09 06:00:00,Monday
69981,2023-01-09 07:00:00,Monday
30287,2023-01-09 08:00:00,Monday
15595,2023-01-09 09:00:00,Monday
22043,2023-01-09 10:00:00,Monday
15126,2023-01-09 11:00:00,Monday
39553,2023-01-09 12:00:00,Monday
35883,2023-01-09 13:00:00,Monday
36762,2023-01-09 14:00:00,Monday
96816,2023-01-09 15:00:00,Monday
17234,2023-01-09 16:00:00,Monday
28926,2023-01-09 17:00:00,Monday
29734,2023-01-09 18:00:00,Monday
75309,2023-01-09 19:00:00,Monday
14863,2023-01-09 20:00:00,Monday
37141,2023-01-09 21:00:00,Monday
18012,2023-01-09 22:00:00,Monday
10912,2023-01-09 23:00:00,Monday
18011,2023-01-10 00:00:00,Tuesday
22716,2023-01-10 01:00:00,Tuesday
46076,2023-01-10 02:00:00,Tuesday
89775,2023-01-10 03:00:00,Tuesday
26390,2023-01-10 04:00:00,Tuesday
96479,2023-01-10 05:00:00,Tuesday
19399,2023-01-10 06:00:00,Tuesday
76347,2023-01-10 07:00:00,Tuesday
11286,2023-01-10 08:00:00,Tuesday
64706,2023-01-10 09:00:00,Tuesday
17565,2023-01-10 10:00:00,Tuesday
20164,2023-01-10 11:00:00,Tuesday
94931,2023-01-10 12:00:00,Tuesday
10416,2023-01-10 13:00:00,Tuesday
31846,2023-01-10 14:00:00,Tuesday
90109,2023-01-10 15:00:00,Tuesday
59247,2023-01-10 16:00:00,Tuesday
37997,2023-01-10 17:00:00,Tuesday
11143,2023-01-10 18:00:00,Tuesday
21065,2023-01-10 19:00:00,Tuesday
23033,2023-01-10 20:00:00,Tuesday
89145,2023-01-10 21:00:00,Tuesday
31210,2023-01-10 22:00:00,Tuesday
24299,2023-01-10 23:00:00,Tuesday
93433,2023-01-11 00:00:00,Wednesday
84002,2023-01-11 01:00:00,Wednesday
28468,2023-01-11 02:00:00,Wednesday
22554,2023-01-11 03:00:00,Wednesday
52738,2023-01-11 04:00:00,Wednesday
52559,2023-01-11 05:00:00,Wednesday
58840,2023-01-11 06:00:00,Wednesday
92980,2023-01-11 07:00:00,Wednesday
74500,2023-01-11 08:00:00,Wednesday
42793,2023-01-11 09:00:00,Wednesday
87029,2023-01-11 10:00:00,Wednesday
73705,2023-01-11 11:00:00,Wednesday
41798,2023-01-11 12:00:00,Wednesday
83375,2023-01-11 13:00:00,Wednesday
39821,2023-01-11 14:00:00,Wednesday
87116,2023-01-11 15:00:00,Wednesday
58501,2023-01-11 16:00:00,Wednesday
17807,2023-01-11 17:00:00,Wednesday
97272,2023-01-11 18:00:00,Wednesday
76428,2023-01-11 19:00:00,Wednesday
16062,2023-01-11 20:00:00,Wednesday
46251,2023-01-11 21:00:00,Wednesday
85844,2023-01-11 22:00:00,Wednesday
84306,2023-01-11 23:00:00,Wednesday
88523,2023-01-12 00:00:00,Thursday
51500,2023-01-12 01:00:00,Thursday
22545,2023-01-12 02:00:00,Thursday
97899,2023-01-12 03:00:00,Thursday
12020,2023-01-12 04:00:00,Thursday
96530,2023-01-12 05:00:00,Thursday
63216,2023-01-12 06:00:00,Thursday
79650,2023-01-12 07:00:00,Thursday
10341,2023-01-12 08:00:00,Thursday
94257,2023-01-12 09:00:00,Thursday
93416,2023-01-12 10:00:00,Thursday
58966,2023-01-12 11:00:00,Thursday
62071,2023-01-12 12:00:00,Thursday
23922,2023-01-12 13:00:00,Thursday
53187,2023-01-12 14:00:00,Thursday
53021,2023-01-12 15:00:00,Thursday
19725,2023-01-12 16:00:00,Thursday
55994,2023-01-12 17:00:00,Thursday
65080,2023-01-12 18:00:00,Thursday
78994,2023-01-12 19:00:00,Thursday
83866,2023-01-12 20:00:00,Thursday
74595,2023-01-12 21:00:00,Thursday
50245,2023-01-12 22:00:00,Thursday
43639,2023-01-12 23:00:00,Thursday
73431,2023-01-13 00:00:00,Friday
46098,2023-01-13 01:00:00,Friday
99667,2023-01-13 02:00:00,Friday
71832,2023-01-13 03:00:00,Friday
74133,2023-01-13 04:00:00,Friday
32125,2023-01-13 05:00:00,Friday
25531,2023-01-13 06:00:00,Friday
84266,2023-01-13 07:00:00,Friday
61283,2023-01-13 08:00:00,Friday
21450,2023-01-13 09:00:00,Friday
49558,2023-01-13 10:00:00,Friday
93171,2023-01-13 11:00:00,Friday
93419,2023-01-13 12:00:00,Friday
12661,2023-01-13 13:00:00,Friday
13230,2023-01-13 14:00:00,Friday
33551,2023-01-13 15:00:00,Friday
10914,2023-01-13 16:00:00,Friday
96377,2023-01-13 17:00:00,Friday
44070,2023-01-13 18:00:00,Friday
20526,2023-01-13 19:00:00,Friday
17059,2023-01-13 20:00:00,Friday
49903,2023-01-13 21:00:00,Friday
68046,2023-01-13 22:00:00,Friday
77747,2023-01-13 23:00:00,Friday
57961,2023-01-14 00:00:00,Saturday
88156,2023-01-14 01:00:00,Saturday
64847,2023-01-14 02:00:00,Saturday
80114,2023-01-14 03:00:00,Saturday
97399,2023-01-14 04:00:00,Saturday
42595,2023-01-14 05:00:00,Saturday
66816,2023-01-14 06:00:00,Saturday
17670,2023-01-14 07:00:00,Saturday
38690,2023-01-14 08:00:00,Saturday
41842,2023-01-14 09:00:00,Saturday
72215,2023-01-14 10:00:00,Saturday
36855,2023-01-14 11:00:00,Saturday
95348,2023-01-14 12:00:00,Saturday
19111,2023-01-14 13:00:00,Saturday
97997,2023-01-14 14:00:00,Saturday
14892,2023-01-14 15:00:00,Saturday
75940,2023-01-14 16:00:00,Saturday
43287,2023-01-14 17:00:00,Saturday
79824,2023-01-14 18:00:00,Saturday
53187,2023-01-14 19:00:00,Saturday
76494,2023-01-14 20:00:00,Saturday
69465,2023-01-14 21:00:00,Saturday
13320,2023-01-14 22:00:00,Saturday
87196,2023-01-14 23:00:00,Saturday
86180,2023-01-15 00:00:00,Sunday
43912,2023-01-15 01:00:00,Sunday
27027,2023-01-15 02:00:00,Sunday
50666,2023-01-15 03:00:00,Sunday
85675,2023-01-15 04:00:00,Sunday
73412,2023-01-15 05:00:00,Sunday
32450,2023-01-15 06:00:00,Sunday
52945,2023-01-15 07:00:00,Sunday
27171,2023-01-15 08:00:00,Sunday
39684,2023-01-15 09:00:00,Sunday
33081,2023-01-15 10:00:00,Sunday
47936,2023-01-15 11:00:00,Sunday
93788,2023-01-15 12:00:00,Sunday
30671,2023-01-15 13:00:00,Sunday
81513,2023-01-15 14:00:00,Sunday
80750,2023-01-15 15:00:00,Sunday
89143,2023-01-15 16:00:00,Sunday
76360,2023-01-15 17:00:00,Sunday
91193,2023-01-15 18:00:00,Sunday
29294,2023-01-15 19:00:00,Sunday
85764,2023-01-15 20:00:00,Sunday
92984,2023-01-15 21:00:00,Sunday
39867,2023-01-15 22:00:00,Sunday
57390,2023-01-15 23:00:00,Sunday
40013,2023-01-16 00:00:00,Monday
63379,2023-01-16 01:00:00,Monday
69865,2023-01-16 02:00:00,Monday
80932,2023-01-16 03:00:00,Monday
18665,2023-01-16 04:00:00,Monday
20029,2023-01-16 05:00:00,Monday
37274,2023-01-16 06:00:00,Monday
88048,2023-01-16 07:00:00,Monday
24415,2023-01-16 08:00:00,Monday
54248,2023-01-16 09:00:00,Monday
27006,2023-01-16 10:00:00,Monday
27795,2023-01-16 11:00:00,Monday
39499,2023-01-16 12:00:00,Monday
29830,2023-01-16 13:00:00,Monday
52683,2023-01-16 14:00:00,Monday
31333,2023-01-16 15:00:00,Monday
64229,2023-01-16 16:00:00,Monday
85059,2023-01-16 17:00:00,Monday
80580,2023-01-16 18:00:00,Monday
12812,2023-01-16 19:00:00,Monday
86767,2023-01-16 20:00:00,Monday
20999,2023-01-16 21:00:00,Monday
44410,2023-01-16 22:00:00,Monday
48829,2023-01-16 23:00:00,Monday
10865,2023-01-17 00:00:00,Tuesday
94905,2023-01-17 01:00:00,Tuesday
61617,2023-01-17 02:00:00,Tuesday
13957,2023-01-17 03:00:00,Tuesday
65363,2023-01-17 04:00:00,Tuesday
21981,2023-01-17 05:00:00,Tuesday
56113,2023-01-17 06:00:00,Tuesday
44867,2023-01-17 07:00:00,Tuesday
86100,2023-01-17 08:00:00,Tuesday
36584,2023-01-17 09:00:00,Tuesday
21554,2023-01-17 10:00:00,Tuesday
38261,2023-01-17 11:00:00,Tuesday
39999,2023-01-17 12:00:00,Tuesday
54360,2023-01-17 13:00:00,Tuesday
95918,2023-01-17 14:00:00,Tuesday
50387,2023-01-17 15:00:00,Tuesday
14912,2023-01-17 16:00:00,Tuesday
66653,2023-01-17 17:00:00,Tuesday
12811,2023-01-17 18:00:00,Tuesday
34052,2023-01-17 19:00:00,Tuesday
64706,2023-01-17 20:00:00,Tuesday
61540,2023-01-17 21:00:00,Tuesday
48384,2023-01-17 22:00:00,Tuesday
67160,2023-01-17 23:00:00,Tuesday
16109,2023-01-18 00:00:00,Wednesday
21801,2023-01-18 01:00:00,Wednesday
68596,2023-01-18 02:00:00,Wednesday
82424,2023-01-18 03:00:00,Wednesday
66719,2023-01-18 04:00:00,Wednesday
99661,2023-01-18 05:00:00,Wednesday
92088,2023-01-18 06:00:00,Wednesday
73586,2023-01-18 07:00:00,Wednesday
56186,2023-01-18 08:00:00,Wednesday
50123,2023-01-18 09:00:00,Wednesday
52280,2023-01-18 10:00:00,Wednesday
86941,2023-01-18 11:00:00,Wednesday
24855,2023-01-18 12:00:00,Wednesday
57624,2023-01-18 13:00:00,Wednesday
94209,2023-01-18 14:00:00,Wednesday
43955,2023-01-18 15:00:00,Wednesday
75531,2023-01-18 16:00:00,Wednesday
12840,2023-01-18 17:00:00,Wednesday
24725,2023-01-18 18:00:00,Wednesday
45517,2023-01-18 19:00:00,Wednesday
80069,2023-01-18 20:00:00,Wednesday
15661,2023-01-18 21:00:00,Wednesday
79775,2023-01-18 22:00:00,Wednesday
53142,2023-01-18 23:00:00,Wednesday
47382,2023-01-19 00:00:00,Thursday
47182,2023-01-19 01:00:00,Thursday
83027,2023-01-19 02:00:00,Thursday
85579,2023-01-19 03:00:00,Thursday
23514,2023-01-19 04:00:00,Thursday
98402,2023-01-19 05:00:00,Thursday
41602,2023-01-19 06:00:00,Thursday
74882,2023-01-19 07:00:00,Thursday
83207,2023-01-19 08:00:00,Thursday
89061,2023-01-19 09:00:00,Thursday
91727,2023-01-19 10:00:00,Thursday
32549,2023-01-19 11:00:00,Thursday
26434,2023-01-19 12:00:00,Thursday
65509,2023-01-19 13:00:00,Thursday
11600,2023-01-19 14:00:00,Thursday
99349,2023-01-19 15:00:00,Thursday
97022,2023-01-19 16:00:00,Thursday
89183,2023-01-19 17:00:00,Thursday
40904,2023-01-19 18:00:00,Thursday
96329,2023-01-19 19:00:00,Thursday
24855,2023-01-19 20:00:00,Thursday
93635,2023-01-19 21:00:00,Thursday
62764,2023-01-19 22:00:00,Thursday
56295,2023-01-19 23:00:00,Thursday
51055,2023-01-20 00:00:00,Friday
50936,2023-01-20 01:00:00,Friday
83544,2023-01-20 02:00:00,Friday
36409,2023-01-20 03:00:00,Friday
61689,2023-01-20 04:00:00,Friday
88384,2023-01-20 05:00:00,Friday
12991,2023-01-20 06:00:00,Friday
53932,2023-01-20 07:00:00,Friday
61741,2023-01-20 08:00:00,Friday
79229,2023-01-20 09:00:00,Friday
29057,2023-01-20 10:00:00,Friday
30893,2023-01-20 11:00:00,Friday
24893,2023-01-20 12:00:00,Friday
17042,2023-01-20 13:00:00,Friday
38956,2023-01-20 14:00:00,Friday
61719,2023-01-20 15:00:00,Friday
95896,2023-01-20 16:00:00,Friday
49228,2023-01-20 17:00:00,Friday
80369,2023-01-20 18:00:00,Friday
24393,2023-01-20 19:00:00,Friday
82320,2023-01-20 20:00:00,Friday
11788,2023-01-20 21:00:00,Friday
44202,2023-01-20 22:00:00,Friday
58887,2023-01-20 23:00:00,Friday
18137,2023-01-21 00:00:00,Saturday
31552,2023-01-21 01:00:00,Saturday
36374,2023-01-21 02:00:00,Saturday
40127,2023-01-21 03:00:00,Saturday
40644,2023-01-21 04:00:00,Saturday
13802,2023-01-21 05:00:00,Saturday
66693,2023-01-21 06:00:00,Saturday
30093,2023-01-21 07:00:00,Saturday
24101,2023-01-21 08:00:00,Saturday
32216,2023-01-21 09:00:00,Saturday
27605,2023-01-21 10:00:00,Saturday
30724,2023-01-21 11:00:00,Saturday
71645,2023-01-21 12:00:00,Saturday
55945,2023-01-21 13:00:00,Saturday
54622,2023-01-21 14:00:00,Saturday
81416,2023-01-21 15:00:00,Saturday
84423,2023-01-21 16:00:00,Saturday
88237,2023-01-21 17:00:00,Saturday
35095,2023-01-21 18:00:00,Saturday
72952,2023-01-21 19:00:00,Saturday
65510,2023-01-21 20:00:00,Saturday
38451,2023-01-21 21:00:00,Saturday
13019,2023-01-21 22:00:00,Saturday
68113,2023-01-21 23:00:00,Saturday
78715,2023-01-22 00:00:00,Sunday
67071,2023-01-22 01:00:00,Sunday
96553,2023-01-22 02:00:00,Sunday
70263,2023-01-22 03:00:00,Sunday
88577,2023-01-22 04:00:00,Sunday
47490,2023-01-22 05:00:00,Sunday
69653,2023-01-22 06:00:00,Sunday
72751,2023-01-22 07:00:00,Sunday
94229,2023-01-22 08:00:00,Sunday
40054,2023-01-22 09:00:00,Sunday
40487,2023-01-22 10:00:00,Sunday
66854,2023-01-22 11:00:00,Sunday
50763,2023-01-22 12:00:00,Sunday
88942,2023-01-22 13:00:00,Sunday
79120,2023-01-22 14:00:00,Sunday
21520,2023-01-22 15:00:00,Sunday
20187,2023-01-22 16:00:00,Sunday
22780,2023-01-22 17:00:00,Sunday
71656,2023-01-22 18:00:00,Sunday
99635,2023-01-22 19:00:00,Sunday
64868,2023-01-22 20:00:00,Sunday
71412,2023-01-22 21:00:00,Sunday
41953,2023-01-22 22:00:00,Sunday
72513,2023-01-22 23:00:00,Sunday
58828,2023-01-23 00:00:00,Monday
23048,2023-01-23 01:00:00,Monday
67986,2023-01-23 02:00:00,Monday
87878,2023-01-23 03:00:00,Monday
43550,2023-01-23 04:00:00,Monday
36271,2023-01-23 05:00:00,Monday
50599,2023-01-23 06:00:00,Monday
82031,2023-01-23 07:00:00,Monday
17886,2023-01-23 08:00:00,Monday
79657,2023-01-23 09:00:00,Monday
17714,2023-01-23 10:00:00,Monday
18987,2023-01-23 11:00:00,Monday
75822,2023-01-23 12:00:00,Monday
91475,2023-01-23 13:00:00,Monday
30540,2023-01-23 14:00:00,Monday
53696,2023-01-23 15:00:00,Monday
35544,2023-01-23 16:00:00,Monday
31938,2023-01-23 17:00:00,Monday
53169,2023-01-23 18:00:00,Monday
28464,2023-01-23 19:00:00,Monday
77316,2023-01-23 20:00:00,Monday
54257,2023-01-23 21:00:00,Monday
59844,2023-01-23 22:00:00,Monday
10829,2023-01-23 23:00:00,Monday
92841,2023-01-24 00:00:00,Tuesday
27565,2023-01-24 01:00:00,Tuesday
87429,2023-01-24 02:00:00,Tuesday
30106,2023-01-24 03:00:00,Tuesday
71434,2023-01-24 04:00:00,Tuesday
56942,2023-01-24 05:00:00,Tuesday
90718,2023-01-24 06:00:00,Tuesday
34382,2023-01-24 07:00:00,Tuesday
25175,2023-01-24 08:00:00,Tuesday
81497,2023-01-24 09:00:00,Tuesday
97473,2023-01-24 10:00:00,Tuesday
25020,2023-01-24 11:00:00,Tuesday
85839,2023-01-24 12:00:00,Tuesday
27852,2023-01-24 13:00:00,Tuesday
84343,2023-01-24 14:00:00,Tuesday
70780,2023-01-24 15:00:00,Tuesday
36604,2023-01-24 16:00:00,Tuesday
30742,2023-01-24 17:00:00,Tuesday
93827,2023-01-24 18:00:00,Tuesday
85197,2023-01-24 19:00:00,Tuesday
16555,2023-01-24 20:00:00,Tuesday
78256,2023-01-24 21:00:00,Tuesday
26931,2023-01-24 22:00:00,Tuesday
77311,2023-01-24 23:00:00,Tuesday
55883,2023-01-25 00:00:00,Wednesday
28356,2023-01-25 01:00:00,Wednesday
71171,2023-01-25 02:00:00,Wednesday
19410,2023-01-25 03:00:00,Wednesday
19680,2023-01-25 04:00:00,Wednesday
59139,2023-01-25 05:00:00,Wednesday
36853,2023-01-25 06:00:00,Wednesday
81737,2023-01-25 07:00:00,Wednesday
13176,2023-01-25 08:00:00,Wednesday
78222,2023-01-25 09:00:00,Wednesday
36799,2023-01-25 10:00:00,Wednesday
26047,2023-01-25 11:00:00,Wednesday
43213,2023-01-25 12:00:00,Wednesday
38536,2023-01-25 13:00:00,Wednesday
77859,2023-01-25 14:00:00,Wednesday
62077,2023-01-25 15:00:00,Wednesday
56891,2023-01-25 16:00:00,Wednesday
10255,2023-01-25 17:00:00,Wednesday
87536,2023-01-25 18:00:00,Wednesday
51741,2023-01-25 19:00:00,Wednesday
27917,2023-01-25 20:00:00,Wednesday
34918,2023-01-25 21:00:00,Wednesday
96866,2023-01-25 22:00:00,Wednesday
71677,2023-01-25 23:00:00,Wednesday
60857,2023-01-26 00:00:00,Thursday
70231,2023-01-26 01:00:00,Thursday
68139,2023-01-26 02:00:00,Thursday
24004,2023-01-26 03:00:00,Thursday
48311,2023-01-26 04:00:00,Thursday
95899,2023-01-26 05:00:00,Thursday
14705,2023-01-26 06:00:00,Thursday
65160,2023-01-26 07:00:00,Thursday
77468,2023-01-26 08:00:00,Thursday
17678,2023-01-26 09:00:00,Thursday
80375,2023-01-26 10:00:00,Thursday
63325,2023-01-26 11:00:00,Thursday
49710,2023-01-26 12:00:00,Thursday
95504,2023-01-26 13:00:00,Thursday
58490,2023-01-26 14:00:00,Thursday
61536,2023-01-26 15:00:00,Thursday
46593,2023-01-26 16:00:00,Thursday
65025,2023-01-26 17:00:00,Thursday
33922,2023-01-26 18:00:00,Thursday
80891,2023-01-26 19:00:00,Thursday
77074,2023-01-26 20:00:00,Thursday
83205,2023-01-26 21:00:00,Thursday
94061,2023-01-26 22:00:00,Thursday
88754,2023-01-26 23:00:00,Thursday
71157,2023-01-27 00:00:00,Friday
21110,2023-01-27 01:00:00,Friday
99265,2023-01-27 02:00:00,Friday
92989,2023-01-27 03:00:00,Friday
62420,2023-01-27 04:00:00,Friday
92101,2023-01-27 05:00:00,Friday
57350,2023-01-27 06:00:00,Friday
46686,2023-01-27 07:00:00,Friday
56226,2023-01-27 08:00:00,Friday
70581,2023-01-27 09:00:00,Friday
88161,2023-01-27 10:00:00,Friday
34487,2023-01-27 11:00:00,Friday
28580,2023-01-27 12:00:00,Friday
10333,2023-01-27 13:00:00,Friday
81937,2023-01-27 14:00:00,Friday
58497,2023-01-27 15:00:00,Friday
65450,2023-01-27 16:00:00,Friday
16603,2023-01-27 17:00:00,Friday
56250,2023-01-27 18:00:00,Friday
96044,2023-01-27 19:00:00,Friday
18694,2023-01-27 20:00:00,Friday
16686,2023-01-27 21:00:00,Friday
65731,2023-01-27 22:00:00,Friday
93481,2023-01-27 23:00:00,Friday
15526,2023-01-28 00:00:00,Saturday
74663,2023-01-28 01:00:00,Saturday
50083,2023-01-28 02:00:00,Saturday
62453,2023-01-28 03:00:00,Saturday
85891,2023-01-28 04:00:00,Saturday
43851,2023-01-28 05:00:00,Saturday
92958,2023-01-28 06:00:00,Saturday
97377,2023-01-28 07:00:00,Saturday
93351,2023-01-28 08:00:00,Saturday
10923,2023-01-28 09:00:00,Saturday
37131,2023-01-28 10:00:00,Saturday
78112,2023-01-28 11:00:00,Saturday
17436,2023-01-28 12:00:00,Saturday
96175,2023-01-28 13:00:00,Saturday
95893,2023-01-28 14:00:00,Saturday
16838,2023-01-28 15:00:00,Saturday
23484,2023-01-28 16:00:00,Saturday
66602,2023-01-28 17:00:00,Saturday
57046,2023-01-28 18:00:00,Saturday
67815,2023-01-28 19:00:00,Saturday
30845,2023-01-28 20:00:00,Saturday
31431,2023-01-28 21:00:00,Saturday
10042,2023-01-28 22:00:00,Saturday
79857,2023-01-28 23:00:00,Saturday
48622,2023-01-29 00:00:00,Sunday
31491,2023-01-29 01:00:00,Sunday
18044,2023-01-29 02:00:00,Sunday
47466,2023-01-29 03:00:00,Sunday
25310,2023-01-29 04:00:00,Sunday
95419,2023-01-29 05:00:00,Sunday
68224,2023-01-29 06:00:00,Sunday
13538,2023-01-29 07:00:00,Sunday
61935,2023-01-29 08:00:00,Sunday
46476,2023-01-29 09:00:00,Sunday
84555,2023-01-29 10:00:00,Sunday
75347,2023-01-29 11:00:00,Sunday
18401,2023-01-29 12:00:00,Sunday
10146,2023-01-29 13:00:00,Sunday
57054,2023-01-29 14:00:00,Sunday
46439,2023-01-29 15:00:00,Sunday
62426,2023-01-29 16:00:00,Sunday
56995,2023-01-29 17:00:00,Sunday
19225,2023-01-29 18:00:00,Sunday
84004,2023-01-29 19:00:00,Sunday
41314,2023-01-29 20:00:00,Sunday
26062,2023-01-29 21:00:00,Sunday
76124,2023-01-29 22:00:00,Sunday
27984,2023-01-29 23:00:00,Sunday
36389,2023-01-30 00:00:00,Monday
67935,2023-01-30 01:00:00,Monday
58928,2023-01-30 02:00:00,Monday
36200,2023-01-30 03:00:00,Monday
23311,2023-01-30 04:00:00,Monday
57660,2023-01-30 05:00:00,Monday
90487,2023-01-30 06:00:00,Monday
52593,2023-01-30 07:00:00,Monday
77555,2023-01-30 08:00:00,Monday
77583,2023-01-30 09:00:00,Monday
61708,2023-01-30 10:00:00,Monday
13897,2023-01-30 11:00:00,Monday
32306,2023-01-30 12:00:00,Monday
67256,2023-01-30 13:00:00,Monday
72158,2023-01-30 14:00:00,Monday
93319,2023-01-30 15:00:00,Monday
81863,2023-01-30 16:00:00,Monday
66188,2023-01-30 17:00:00,Monday
81127,2023-01-30 18:00:00,Monday
48988,2023-01-30 19:00:00,Monday
65832,2023-01-30 20:00:00,Monday
96808,2023-01-30 21:00:00,Monday
40731,2023-01-30 22:00:00,Monday
37061,2023-01-30 23:00:00,Monday
97129,2023-01-31 00:00:00,Tuesday
59330,2023-01-31 01:00:00,Tuesday
16218,2023-01-31 02:00:00,Tuesday
82136,2023-01-31 03:00:00,Tuesday
56768,2023-01-31 04:00:00,Tuesday
62301,2023-01-31 05:00:00,Tuesday
30421,2023-01-31 06:00:00,Tuesday
94120,2023-01-31 07:00:00,Tuesday
12900,2023-01-31 08:00:00,Tuesday
90712,2023-01-31 09:00:00,Tuesday
59626,2023-01-31 10:00:00,Tuesday
69430,2023-01-31 11:00:00,Tuesday
92871,2023-01-31 12:00:00,Tuesday
89056,2023-01-31 13:00:00,Tuesday
71396,2023-01-31 14:00:00,Tuesday
77231,2023-01-31 15:00:00,Tuesday
27587,2023-01-31 16:00:00,Tuesday
22296,2023-01-31 17:00:00,Tuesday
32177,2023-01-31 18:00:00,Tuesday
14166,2023-01-31 19:00:00,Tuesday
20250,2023-01-31 20:00:00,Tuesday
74023,2023-01-31 21:00:00,Tuesday
21778,2023-01-31 22:00:00,Tuesday
30390,2023-01-31 23:00:00,Tuesday
35018,2023-02-01 00:00:00,Wednesday
70290,2023-02-01 01:00:00,Wednesday
83747,2023-02-01 02:00:00,Wednesday
53241,2023-02-01 03:00:00,Wednesday
37832,2023-02-01 04:00:00,Wednesday
85324,2023-02-01 05:00:00,Wednesday
90903,2023-02-01 06:00:00,Wednesday
29837,2023-02-01 07:00:00,Wednesday
48211,2023-02-01 08:00:00,Wednesday
89301,2023-02-01 09:00:00,Wednesday
48557,2023-02-01 10:00:00,Wednesday
94372,2023-02-01 11:00:00,Wednesday
17412,2023-02-01 12:00:00,Wednesday
85934,2023-02-01 13:00:00,Wednesday
35570,2023-02-01 14:00:00,Wednesday
22884,2023-02-01 15:00:00,Wednesday
38327,2023-02-01 16:00:00,Wednesday
49671,2023-02-01 17:00:00,Wednesday
69129,2023-02-01 18:00:00,Wednesday
63854,2023-02-01 19:00:00,Wednesday
59910,2023-02-01 20:00:00,Wednesday
17997,2023-02-01 21:00:00,Wednesday
60577,2023-02-01 22:00:00,Wednesday
28757,2023-02-01 23:00:00,Wednesday
53348,2023-02-02 00:00:00,Thursday
12308,2023-02-02 01:00:00,Thursday
87885,2023-02-02 02:00:00,Thursday
60564,2023-02-02 03:00:00,Thursday
98811,2023-02-02 04:00:00,Thursday
73748,2023-02-02 05:00:00,Thursday
83170,2023-02-02 06:00:00,Thursday
73061,2023-02-02 07:00:00,Thursday
20876,2023-02-02 08:00:00,Thursday
48675,2023-02-02 09:00:00,Thursday
56196,2023-02-02 10:00:00,Thursday
62809,2023-02-02 11:00:00,Thursday
19145,2023-02-02 12:00:00,Thursday
44124,2023-02-02 13:00:00,Thursday
91378,2023-02-02 14:00:00,Thursday
83747,2023-02-02 15:00:00,Thursday
43072,2023-02-02 16:00:00,Thursday
80599,2023-02-02 17:00:00,Thursday
35430,2023-02-02 18:00:00,Thursday
63960,2023-02-02 19:00:00,Thursday
12780,2023-02-02 20:00:00,Thursday
24858,2023-02-02 21:00:00,Thursday
68849,2023-02-02 22:00:00,Thursday
77981,2023-02-02 23:00:00,Thursday
59489,2023-02-03 00:00:00,Friday
39383,2023-02-03 01:00:00,Friday
37675,2023-02-03 02:00:00,Friday
96681,2023-02-03 03:00:00,Friday
94574,2023-02-03 04:00:00,Friday
81202,2023-02-03 05:00:00,Friday
33031,2023-02-03 06:00:00,Friday
15436,2023-02-03 07:00:00,Friday
29220,2023-02-03 08:00:00,Friday
64461,2023-02-03 09:00:00,Friday
99456,2023-02-03 10:00:00,Friday
80498,2023-02-03 11:00:00,Friday
82977,2023-02-03 12:00:00,Friday
49313,2023-02-03 13:00:00,Friday
28846,2023-02-03 14:00:00,Friday
32965,2023-02-03 15:00:00,Friday
62353,2023-02-03 16:00:00,Friday
37803,2023-02-03 17:00:00,Friday
67639,2023-02-03 18:00:00,Friday
68567,2023-02-03 19:00:00,Friday
83441,2023-02-03 20:00:00,Friday
62768,2023-02-03 21:00:00,Friday
24801,2023-02-03 22:00:00,Friday
34377,2023-02-03 23:00:00,Friday
95575,2023-02-04 00:00:00,Saturday
42987,2023-02-04 01:00:00,Saturday
12458,2023-02-04 02:00:00,Saturday
20636,2023-02-04 03:00:00,Saturday
42305,2023-02-04 04:00:00,Saturday
81309,2023-02-04 05:00:00,Saturday
77138,2023-02-04 06:00:00,Saturday
65646,2023-02-04 07:00:00,Saturday
43140,2023-02-04 08:00:00,Saturday
94099,2023-02-04 09:00:00,Saturday
56977,2023-02-04 10:00:00,Saturday
13455,2023-02-04 11:00:00,Saturday
81487,2023-02-04 12:00:00,Saturday
43899,2023-02-04 13:00:00,Saturday
64613,2023-02-04 14:00:00,Saturday
94412,2023-02-04 15:00:00,Saturday
29881,2023-02-04 16:00:00,Saturday
17549,2023-02-04 17:00:00,Saturday
16396,2023-02-04 18:00:00,Saturday
57598,2023-02-04 19:00:00,Saturday
92277,2023-02-04 20:00:00,Saturday
33048,2023-02-04 21:00:00,Saturday
12570,2023-02-04 22:00:00,Saturday
88978,2023-02-04 23:00:00,Saturday
44969,2023-02-05 00:00:00,Sunday
68892,2023-02-05 01:00:00,Sunday
46368,2023-02-05 02:00:00,Sunday
81848,2023-02-05 03:00:00,Sunday
22003,2023-02-05 04:00:00,Sunday
82630,2023-02-05 05:00:00,Sunday
23201,2023-02-05 06:00:00,Sunday
65621,2023-02-05 07:00:00,Sunday
30350,2023-02-05 08:00:00,Sunday
91778,2023-02-05 09:00:00,Sunday
97421,2023-02-05 10:00:00,Sunday
35199,2023-02-05 11:00:00,Sunday
93344,2023-02-05 12:00:00,Sunday
39182,2023-02-05 13:00:00,Sunday
20214,2023-02-05 14:00:00,Sunday
68175,2023-02-05 15:00:00,Sunday
84043,2023-02-05 16:00:00,Sunday
67527,2023-02-05 17:00:00,Sunday
14098,2023-02-05 18:00:00,Sunday
27879,2023-02-05 19:00:00,Sunday
41614,2023-02-05 20:00:00,Sunday
21307,2023-02-05 21:00:00,Sunday
43385,2023-02-05 22:00:00,Sunday
40864,2023-02-05 23:00:00,Sunday
40124,2023-02-06 00:00:00,Monday
22121,2023-02-06 01:00:00,Monday
21031,2023-02-06 02:00:00,Monday
31012,2023-02-06 03:00:00,Monday
82387,2023-02-06 04:00:00,Monday
70728,2023-02-06 05:00:00,Monday
99745,2023-02-06 06:00:00,Monday
89308,2023-02-06 07:00:00,Monday
32127,2023-02-06 08:00:00,Monday
89657,2023-02-06 09:00:00,Monday
58997,2023-02-06 10:00:00,Monday
98762,2023-02-06 11:00:00,Monday
19249,2023-02-06 12:00:00,Monday
34947,2023-02-06 13:00:00,Monday
18811,2023-02-06 14:00:00,Monday
20098,2023-02-06 15:00:00,Monday
67258,2023-02-06 16:00:00,Monday
80733,2023-02-06 17:00:00,Monday
34839,2023-02-06 18:00:00,Monday
69687,2023-02-06 19:00:00,Monday
17956,2023-02-06 20:00:00,Monday
44059,2023-02-06 21:00:00,Monday
90879,2023-02-06 22:00:00,Monday
86597,2023-02-06 23:00:00,Monday
49371,2023-02-07 00:00:00,Tuesday
13989,2023-02-07 01:00:00,Tuesday
15931,2023-02-07 02:00:00,Tuesday
23481,2023-02-07 03:00:00,Tuesday
97884,2023-02-07 04:00:00,Tuesday
80068,2023-02-07 05:00:00,Tuesday
26449,2023-02-07 06:00:00,Tuesday
76601,2023-02-07 07:00:00,Tuesday
69992,2023-02-07 08:00:00,Tuesday
95012,2023-02-07 09:00:00,Tuesday
11271,2023-02-07 10:00:00,Tuesday
24820,2023-02-07 11:00:00,Tuesday
20440,2023-02-07 12:00:00,Tuesday
77163,2023-02-07 13:00:00,Tuesday
37143,2023-02-07 14:00:00,Tuesday
28173,2023-02-07 15:00:00,Tuesday
16171,2023-02-07 16:00:00,Tuesday
44724,2023-02-07 17:00:00,Tuesday
67296,2023-02-07 18:00:00,Tuesday
45272,2023-02-07 19:00:00,Tuesday
20845,2023-02-07 20:00:00,Tuesday
28974,2023-02-07 21:00:00,Tuesday
97141,2023-02-07 22:00:00,Tuesday
64401,2023-02-07 23:00:00,Tuesday
57280,2023-02-08 00:00:00,Wednesday
95274,2023-02-08 01:00:00,Wednesday
35454,2023-02-08 02:00:00,Wednesday
30597,2023-02-08 03:00:00,Wednesday
36101,2023-02-08 04:00:00,Wednesday
62903,2023-02-08 05:00:00,Wednesday
78032,2023-02-08 06:00:00,Wednesday
47827,2023-02-08 07:00:00,Wednesday
71623,2023-02-08 08:00:00,Wednesday
40965,2023-02-08 09:00:00,Wednesday
51085,2023-02-08 10:00:00,Wednesday
26848,2023-02-08 11:00:00,Wednesday
90392,2023-02-08 12:00:00,Wednesday
73666,2023-02-08 13:00:00,Wednesday
16794,2023-02-08 14:00:00,Wednesday
38788,2023-02-08 15:00:00,Wednesday
11066,2023-02-08 16:00:00,Wednesday
15012,2023-02-08 17:00:00,Wednesday
38076,2023-02-08 18:00:00,Wednesday
91820,2023-02-08 19:00:00,Wednesday
88037,2023-02-08 20:00:00,Wednesday
18941,2023-02-08 21:00:00,Wednesday
29850,2023-02-08 22:00:00,Wednesday
28792,2023-02-08 23:00:00,Wednesday
57408,2023-02-09 00:00:00,Thursday
45902,2023-02-09 01:00:00,Thursday
69450,2023-02-09 02:00:00,Thursday
36968,2023-02-09 03:00:00,Thursday
59647,2023-02-09 04:00:00,Thursday
93507,2023-02-09 05:00:00,Thursday
77281,2023-02-09 06:00:00,Thursday
28958,2023-02-09 07:00:00,Thursday
46078,2023-02-09 08:00:00,Thursday
48001,2023-02-09 09:00:00,Thursday
80164,2023-02-09 10:00:00,Thursday
81752,2023-02-09 11:00:00,Thursday
26247,2023-02-09 12:00:00,Thursday
74017,2023-02-09 13:00:00,Thursday
19895,2023-02-09 14:00:00,Thursday
19395,2023-02-09 15:00:00,Thursday
94433,2023-02-09 16:00:00,Thursday
28956,2023-02-09 17:00:00,Thursday
75574,2023-02-09 18:00:00,Thursday
44597,2023-02-09 19:00:00,Thursday
61856,2023-02-09 20:00:00,Thursday
92839,2023-02-09 21:00:00,Thursday
92597,2023-02-09 22:00:00,Thursday
18156,2023-02-09 23:00:00,Thursday
89151,2023-02-10 00:00:00,Friday
64729,2023-02-10 01:00:00,Friday
40009,2023-02-10 02:00:00,Friday
69907,2023-02-10 03:00:00,Friday
61490,2023-02-10 04:00:00,Friday
80719,2023-02-10 05:00:00,Friday
41834,2023-02-10 06:00:00,Friday
36434,2023-02-10 07:00:00,Friday
31689,2023-02-10 08:00:00,Friday
64560,2023-02-10 09:00:00,Friday
24597,2023-02-10 10:00:00,Friday
51736,2023-02-10 11:00:00,Friday
25751,2023-02-10 12:00:00,Friday
13752,2023-02-10 13:00:00,Friday
92772,2023-02-10 14:00:00,Friday
39078,2023-02-10 15:00:00,Friday
58885,2023-02-10 16:00:00,Friday
46469,2023-02-10 17:00:00,Friday
43110,2023-02-10 18:00:00,Friday
43833,2023-02-10 19:00:00,Friday
84484,2023-02-10 20:00:00,Friday
27538,2023-02-10 21:00:00,Friday
11292,2023-02-10 22:00:00,Friday
98959,2023-02-10 23:00:00,Friday
17458,2023-02-11 00:00:00,Saturday
10179,2023-02-11 01:00:00,Saturday
53527,2023-02-11 02:00:00,Saturday
85281,2023-02-11 03:00:00,Saturday
59803,2023-02-11 04:00:00,Saturday
61595,2023-02-11 05:00:00,Saturday
29358,2023-02-11 06:00:00,Saturday
72517,2023-02-11 07:00:00,Saturday
19257,2023-02-11 08:00:00,Saturday
98238,2023-02-11 09:00:00,Saturday
34996,2023-02-11 10:00:00,Saturday
83866,2023-02-11 11:00:00,Saturday
42059,2023-02-11 12:00:00,Saturday
70976,2023-02-11 13:00:00,Saturday
95639,2023-02-11 14:00:00,Saturday
60059,2023-02-11 15:00:00,Saturday
