Customer_id,Product_id,Date_id,staff_id,Quantity,Store_Location,Payment_Type,Promotion_Applied,Weather,Temperature,Delivery_Time_min,Order_Type,Total_Sales
5820,26946,69499,19523,2,South,Cash,True,Rainy,20.6549139306951,30,In Store,25.0646082988596
8743,88269,10346,49973,1,South,Cash,False,Rainy,23.5494969720501,33,In Store,7.08306989594775
6845,54642,22471,29571,5,North,Cash,True,Rainy,27.15434218268169,43,Phone Order,33.6803205009029
8835,79564,50260,45303,2,North,Cash,False,Cloudy,20.1374832527572,32,Online Order,14.6296469584923
7252,53582,46323,60920,1,East,Credit Card,True,Cloudy,23.0209865419083,58,In Store,7.57772721990641
8949,70463,97860,27007,2,West,Cash,True,Rainy,27.15434218268169,30,Phone Order,29.136312779909
9041,39718,42706,42970,3,North,Credit Card,False,Cloudy,29.2010276978325,15,In Store,48.344156262356
1597,25192,95192,54283,5,West,Online,False,Sunny,27.15434218268169,16,Online Order,64.7493642194814
2748,73929,24777,84994,4,East,Cash,True,Rainy,27.15434218268169,29,Phone Order,69.7410639527294
8520,92564,43609,84827,2,West,Credit Card,False,Rainy,20.4228701067083,53,In Store,39.737896802009
2383,98676,26979,16575,3,South,Online,False,Cloudy,27.15434218268169,42,In Store,51.900568310371
4510,61218,50409,67138,4,West,Online,False,Rainy,33.2222872938336,15,In Store,61.6929424205575
6513,63742,53707,44861,4,East,Online,True,Sunny,26.2387048144626,19,Online Order,51.9495619662288
8313,16571,17713,87902,2,East,Credit Card,False,Cloudy,30.8050005374898,56,Phone Order,23.4655921502412
9390,63401,54673,97541,1,East,Cash,False,Cloudy,33.7742755306993,36,Phone Order,6.26588570816813
2496,12414,82243,45499,2,West,Cash,True,Rainy,26.1206069240422,50,Phone Order,21.9810624518407
4041,26821,31402,32359,3,South,Credit Card,False,Rainy,22.8691605655609,27,In Store,55.956058655196
6226,31178,29646,20382,4,North,Cash,False,Rainy,27.7567689628537,15,Phone Order,68.4813577943931
3448,82620,34143,67680,2,South,Credit Card,True,Cloudy,33.6212553058978,30,In Store,16.4815409503506
4325,48462,91439,27574,1,West,Cash,True,Rainy,32.0656162120655,55,Online Order,11.9991167704582
3882,94351,63251,52323,2,West,Online,False,Sunny,20.9874476504473,36,Phone Order,34.5016960767563
8477,24205,88827,30672,5,North,Cash,False,Rainy,30.3885920011637,46,In Store,30.0538416089141
9264,90479,16498,12955,1,West,Credit Card,True,Rainy,28.5784628368843,30,Phone Order,10.8108887850298
2202,81503,50995,29795,3,East,Credit Card,True,Cloudy,33.6119476451963,29,Phone Order,53.3328556593276
9868,85892,49606,63729,4,East,Online,False,Rainy,21.8372212527544,56,Online Order,44.2338718502074
2847,38571,92715,43303,2,East,Credit Card,False,Cloudy,28.0105416980698,26,Phone Order,12.3284393419432
5602,99539,40739,76784,1,East,Cash,False,Rainy,33.1919404026783,15,Online Order,13.1380155279837
9230,86232,59999,36570,5,East,Cash,True,Sunny,26.1503568011261,31,Phone Order,89.6306871188721
8733,40592,42407,95288,1,West,Online,False,Sunny,27.229923765993,55,Phone Order,13.8542831442973
9645,95794,65626,40346,5,North,Credit Card,True,Cloudy,21.0569101650043,42,Phone Order,41.9709331160673
9248,69482,48824,91455,3,North,Online,True,Cloudy,24.1721546067336,21,Phone Order,32.2907829061821
9321,97307,60434,28756,4,East,Cash,True,Rainy,27.15434218268169,23,Phone Order,47.0074016709159
9368,50825,13263,51279,3,West,Online,False,Rainy,34.1768367311733,36,Phone Order,41.0669859219237
9384,97854,49581,87645,2,South,Credit Card,False,Sunny,24.2400104081173,40,Online Order,32.7805307725783
3752,18987,92330,50920,1,South,Online,False,Rainy,26.9130310290447,26,Online Order,6.48310426460953
3076,92242,38356,41228,5,West,Credit Card,True,Sunny,30.0695663534641,21,In Store,91.7239024763174
3919,90022,81925,86129,5,East,Credit Card,False,Cloudy,27.15434218268169,29,Phone Order,25.9232277262056
6143,46725,17638,75489,1,North,Cash,True,Rainy,27.2966358071281,52,Online Order,10.5507850201138
5856,96378,22874,72818,1,West,Cash,True,Cloudy,31.0780855921386,35,Phone Order,5.41130464958986
6457,18086,15454,99154,2,South,Cash,True,Rainy,33.0028281954059,28,Phone Order,21.7892267603587
8895,22742,70235,92291,3,South,Credit Card,True,Sunny,29.3938891199364,16,Online Order,38.6615669492995
4564,66941,43674,45329,5,South,Online,True,Cloudy,30.0358027297542,22,Phone Order,63.3761039936133
4739,70929,34590,78345,2,East,Credit Card,True,Cloudy,27.15434218268169,59,Online Order,14.9688504108479
7615,80573,89018,21364,3,South,Cash,False,Rainy,34.1866474586952,20,Online Order,44.0583229543025
3980,16331,69605,98206,2,West,Cash,True,Cloudy,21.9886111622672,51,In Store,11.34335351514
1459,42194,27856,89338,5,West,Online,False,Sunny,27.15434218268169,51,In Store,82.1430115099311
4078,16034,39002,55120,1,South,Cash,True,Cloudy,23.9722448266747,47,In Store,19.1996665099031
2809,23268,69695,30815,1,West,Cash,False,Cloudy,34.0038971555187,55,In Store,10.0965324072667
5164,80642,32768,66022,3,South,Cash,False,Rainy,30.7993930905421,20,Phone Order,38.2757721771449
4562,45893,11703,98604,4,South,Online,False,Cloudy,31.3072056946755,40,Phone Order,42.7346166835288
3381,52078,85198,73643,3,North,Credit Card,False,Rainy,23.2858875958982,53,In Store,15.3019675636826
1124,43291,42521,43749,4,East,Cash,True,Rainy,26.6455996495274,55,Online Order,43.1524701737069
5755,40557,65035,27831,2,East,Online,True,Cloudy,29.2671979188392,51,Online Order,33.7516077778403
1743,37754,36110,32480,2,North,Cash,True,Sunny,27.15434218268169,28,Online Order,27.8796652655044
2288,51980,75790,64917,5,North,Online,True,Rainy,21.5593906386858,51,Online Order,32.5944935961369
8126,89677,50218,77623,4,East,Cash,False,Cloudy,34.4354797468179,22,Phone Order,70.8283693816271
2482,51570,74063,20097,5,South,Online,False,Rainy,33.3533100583183,53,Online Order,64.8314008663932
9366,25586,21729,24458,1,South,Cash,False,Sunny,27.15434218268169,27,Online Order,17.6258504261701
4608,25706,65908,29282,4,East,Credit Card,True,Sunny,32.3414036454849,27,In Store,54.8132911271017
8276,63761,74244,13213,3,South,Cash,False,Rainy,27.15434218268169,54,Online Order,40.1859800177072
7630,17017,83156,14508,1,North,Online,True,Sunny,26.9270972234302,57,Phone Order,6.57888777795518
5584,34199,43324,83758,1,South,Cash,False,Cloudy,24.716511587171,42,Online Order,7.51039599707941
5286,17180,79026,58218,3,South,Credit Card,False,Cloudy,28.7145287994738,32,Online Order,58.7411365423465
7347,57277,34769,93951,1,West,Cash,False,Rainy,27.15434218268169,33,Phone Order,8.42730120132156
8859,94052,75483,61357,4,West,Online,False,Sunny,26.1639935744413,52,In Store,78.647127079422
2382,70139,99108,45504,5,West,Online,False,Cloudy,29.4382878951243,46,Phone Order,64.8934529893197
8789,23743,71168,97307,1,South,Credit Card,True,Cloudy,30.4896938173295,36,In Store,7.03683570595905
9622,99082,75905,79370,4,East,Online,False,Cloudy,30.6668272552292,16,Online Order,25.9581321652215
4420,82835,65748,24238,2,North,Cash,True,Rainy,20.7794914719677,27,In Store,16.2659221211722
9731,39584,95365,21497,4,South,Cash,True,Rainy,27.15434218268169,37,In Store,75.5382398015201
8579,95510,25131,11571,5,East,Cash,True,Cloudy,26.8737997214757,39,In Store,56.061266824617
6961,27776,48122,94243,4,South,Online,True,Cloudy,23.9362412254432,42,Online Order,43.7260560795748
7246,77951,29981,82969,3,North,Cash,True,Sunny,23.6264676121952,25,In Store,29.0942817481578
2016,63243,21402,47168,5,South,Cash,True,Sunny,27.2452116926592,47,In Store,36.0296387924941
6907,44904,77410,37499,2,North,Cash,True,Sunny,33.3024730920343,38,Online Order,24.6355359157721
1878,38994,87804,59530,3,South,Credit Card,True,Rainy,25.6752137252397,16,Phone Order,20.8521502130012
6551,80937,17504,73785,4,North,Online,False,Cloudy,31.2458862017531,44,Phone Order,70.1288141829396
7463,68048,75622,21764,5,South,Online,False,Rainy,21.4522809648082,31,Phone Order,52.7797739706479
5541,40115,41273,81413,2,North,Online,True,Cloudy,27.1408505322659,54,Online Order,21.2441070334538
9274,18357,48894,70547,3,West,Credit Card,True,Sunny,34.875292105891,48,Online Order,36.330289281742
4235,35993,38236,28508,2,South,Online,True,Sunny,31.556567041885,52,Phone Order,23.3238313949725
2777,88264,17109,12395,4,South,Credit Card,False,Sunny,23.1579273266091,36,In Store,79.6914783835592
3804,76226,49042,90720,2,East,Credit Card,False,Sunny,27.5216221054686,19,Phone Order,26.361433636549
4342,24299,18158,89281,1,East,Online,True,Cloudy,23.5043714547285,54,Online Order,6.32302555684806
5229,62682,44635,93850,3,North,Cash,True,Sunny,26.1434139089376,30,In Store,42.3094803709618
3960,79683,90950,68026,2,South,Cash,False,Cloudy,31.7012603560244,27,In Store,14.5475287860963
8324,86822,87458,58376,4,North,Online,False,Cloudy,31.568372229356,40,Online Order,21.8562586838805
5380,93139,89596,23183,4,West,Online,True,Rainy,23.4215056685357,45,In Store,78.2445292206348
1652,68629,27418,72511,2,East,Credit Card,True,Sunny,27.15434218268169,53,Phone Order,33.2061667460369
1876,47261,62235,68683,4,North,Online,True,Sunny,28.8885227414724,37,Online Order,78.806539544826
9988,49771,61919,54940,5,North,Credit Card,True,Rainy,25.6988643644302,26,Online Order,60.8408836016681
3320,56199,20470,16123,5,East,Online,False,Cloudy,27.5290337117129,28,Online Order,64.9193148361732
6515,37216,36872,94188,5,South,Cash,False,Sunny,29.0760688015661,32,Online Order,37.6252716939347
2192,14968,64190,40065,1,North,Cash,True,Cloudy,28.3983579776867,41,In Store,8.70361140001378
4714,37797,36671,97621,2,East,Online,True,Rainy,27.2960755330426,42,Online Order,35.1564764470848
8542,36701,74088,43968,1,South,Credit Card,True,Cloudy,27.573992061341,32,Online Order,10.3427847067639
7483,11867,94654,41286,4,West,Cash,False,Sunny,22.6461786564182,30,In Store,69.6088984277851
4731,15333,92751,19464,1,East,Credit Card,True,Cloudy,27.15434218268169,30,Online Order,15.6352058643054
9292,13944,47695,52701,4,North,Online,True,Cloudy,28.1264047991152,27,In Store,30.6302555163119
4872,30257,82037,35407,4,West,Online,True,Sunny,21.9661979255705,43,In Store,50.4467819671845
8212,80712,21992,27749,3,South,Cash,False,Sunny,27.15434218268169,23,Online Order,45.4824294683422
7282,42757,52494,21781,5,South,Online,True,Cloudy,33.9866596756602,40,Phone Order,42.6277911102868
5249,50782,55686,35637,4,East,Cash,False,Cloudy,34.2096034885544,42,Online Order,69.8413106312046
5468,48730,94385,15225,3,East,Credit Card,True,Rainy,27.15434218268169,55,Phone Order,39.5172445895334
4448,48616,66686,42888,5,East,Cash,True,Sunny,22.0327531034113,27,In Store,37.3931537831952
5093,35085,28947,89050,4,South,Cash,True,Cloudy,27.7759943994959,50,Phone Order,54.9790655698761
7947,35780,81739,27279,4,West,Credit Card,False,Sunny,21.6891384402383,23,Online Order,79.9828282493548
6475,14162,88514,15696,1,South,Cash,True,Rainy,34.0098112776892,28,Online Order,7.2578223749512
2735,20843,72138,51051,1,North,Cash,True,Cloudy,22.7536944103271,26,Phone Order,17.2513539517929
9676,22023,37501,54457,5,South,Online,False,Cloudy,23.7914878992674,46,Online Order,40.5481752390668
5381,26294,87206,79702,4,North,Credit Card,False,Cloudy,26.0995479032745,52,Phone Order,66.9432997676052
5521,26694,63792,22894,2,West,Cash,False,Sunny,25.7474670283868,17,In Store,32.0373376936424
6560,77945,94411,93678,1,East,Credit Card,True,Rainy,27.15434218268169,30,Phone Order,9.50734078400648
9059,88532,50837,19833,5,East,Credit Card,False,Sunny,26.8447523082644,34,Phone Order,49.4367338173337
2805,83296,62169,85130,4,South,Cash,True,Cloudy,22.56152390005,46,Phone Order,67.5512835177751
4439,23013,65990,31280,4,East,Online,False,Rainy,24.0081484322911,37,Phone Order,47.6867307132387
6263,10417,21890,71315,2,West,Credit Card,False,Cloudy,27.6367007778128,31,In Store,31.9245408613542
7003,17465,12783,86841,5,East,Cash,False,Cloudy,22.211808761392,30,In Store,36.0988110524376
5388,34890,93352,57192,4,South,Credit Card,True,Sunny,29.1748351346902,52,In Store,71.1534669140932
5275,22075,77476,61628,1,West,Online,True,Cloudy,28.4862095982671,22,Phone Order,15.6632707502347
4429,94004,95669,35429,2,North,Online,True,Rainy,30.7205347457338,33,In Store,37.208284265045
5242,85002,20871,54419,5,South,Online,True,Cloudy,34.0655692306905,44,Online Order,34.9279284276229
4139,41062,13468,45496,2,North,Cash,True,Cloudy,33.6838184165173,48,In Store,27.7904350108179
7821,20793,63543,24528,1,West,Cash,True,Sunny,27.15434218268169,28,Phone Order,13.9868087756048
3974,66663,89785,94380,5,South,Online,True,Rainy,23.6707339553555,36,Online Order,51.5095555410086
6008,84500,93248,29722,2,South,Cash,True,Sunny,21.9734795995903,58,Phone Order,23.7539927370777
5952,25036,97899,51459,3,West,Online,True,Cloudy,24.5341505074467,31,Online Order,16.7091703480434
4900,75236,21546,89554,1,East,Cash,False,Sunny,33.4262775914947,29,Phone Order,16.1879005794051
9680,25108,96317,98840,1,South,Online,False,Sunny,34.5808021193523,46,Phone Order,13.2398371910476
7219,65271,12644,66615,1,South,Credit Card,True,Sunny,32.8898742660571,27,Online Order,5.8661157780376
8833,20358,40796,19256,3,North,Online,True,Sunny,21.6502658169131,35,In Store,45.6340151832218
2745,57695,43942,62935,3,East,Online,True,Cloudy,34.2114199708969,54,Online Order,36.0051934754034
7291,69278,40468,19507,4,North,Cash,True,Cloudy,26.3503704102617,47,Online Order,22.0676755655
9689,89616,18025,69527,2,North,Cash,False,Rainy,20.1396543614353,41,Online Order,39.0882318054428
9166,55286,36066,16428,4,East,Cash,False,Sunny,26.6359061112229,49,Online Order,76.9467285853664
7723,94382,86787,36163,2,East,Cash,True,Sunny,20.691037545132,30,Online Order,25.3870724844159
4512,93594,73856,16051,3,West,Cash,False,Rainy,27.15434218268169,42,Phone Order,19.2152589317659
4584,82000,27653,33030,3,East,Cash,False,Sunny,25.0783104115557,48,Phone Order,48.9579549719366
2370,96635,15499,81425,4,South,Credit Card,True,Rainy,27.1015240039107,15,In Store,49.5158660063437
1123,94375,16474,75889,5,East,Online,True,Cloudy,27.15434218268169,55,In Store,47.6835608717035
2580,91800,83451,80377,4,West,Online,True,Rainy,27.15434218268169,45,Online Order,49.4850906517134
8305,60388,84593,83562,2,West,Online,True,Sunny,29.9285236470789,50,In Store,25.6733243621639
5781,57283,37190,73053,4,West,Credit Card,False,Rainy,26.5107330271727,58,In Store,53.7627019413403
2240,37805,71026,57205,1,East,Online,True,Cloudy,32.2914178050554,47,Online Order,11.6183557048298
1557,54980,92263,95160,2,East,Credit Card,False,Sunny,33.5837320635969,47,Phone Order,28.1726590941717
3386,88597,33106,70385,2,North,Credit Card,True,Cloudy,21.7963994964829,53,Phone Order,37.5620413181913
8702,46370,22033,12507,5,North,Credit Card,False,Cloudy,27.9789946632918,32,In Store,52.1701065323943
9570,99601,44053,48712,3,South,Online,True,Rainy,24.2676793961366,37,Phone Order,47.6572408448977
7576,75808,89793,15609,2,North,Credit Card,True,Cloudy,20.7059179681542,37,Phone Order,36.8335767047269
2624,90230,13784,18705,3,South,Online,False,Sunny,30.0282004267097,29,In Store,35.5190674091971
3039,59823,13664,85641,4,West,Online,False,Cloudy,27.15434218268169,40,Online Order,46.6073501829142
2115,34138,94539,50979,1,North,Cash,False,Cloudy,22.4435398171609,44,In Store,14.0317547803216
3693,80064,50016,27554,5,East,Cash,True,Rainy,32.1862048643585,39,In Store,69.3555069566866
4337,52064,43474,27657,3,North,Credit Card,False,Cloudy,32.8009360030541,59,In Store,51.2965204046824
7961,73921,39763,86914,2,South,Credit Card,False,Rainy,33.7151066399972,30,Online Order,24.2945015133487
2155,15192,90926,72302,3,North,Online,False,Rainy,23.9792763362907,53,Online Order,59.8255327337748
7174,92639,14052,79892,2,West,Credit Card,False,Sunny,27.15434218268169,59,Online Order,11.7841470660184
3200,64857,71268,25853,3,East,Credit Card,False,Sunny,24.8099413210464,28,Online Order,15.1425531861315
2830,25746,72748,22699,2,South,Online,False,Sunny,28.2850702018325,31,In Store,29.2059493467887
9968,27682,24564,90085,4,East,Credit Card,False,Sunny,20.7576120624842,26,Phone Order,37.9060947417126
4338,50509,24229,78524,2,East,Credit Card,False,Rainy,20.6582163255311,43,In Store,17.2114716609845
4184,12810,75974,63736,2,South,Online,False,Cloudy,30.805598190983,46,Online Order,19.3569724001284
6232,75049,76263,30560,1,East,Online,True,Sunny,26.6671996696668,38,Phone Order,8.84071347657431
2838,79836,48184,54878,2,East,Cash,True,Sunny,23.8443856305382,27,In Store,10.9237014898134
6410,65765,45815,29029,1,North,Online,False,Sunny,22.8562024403736,34,Phone Order,19.5729956358588
8950,98645,71285,64805,5,East,Cash,True,Cloudy,30.0493023628882,29,Online Order,41.5559116339586
2470,60190,77081,74781,1,East,Credit Card,True,Sunny,20.0060231603801,18,Phone Order,16.0104464388395
3727,95629,93817,25732,4,East,Online,False,Cloudy,32.0883675379528,48,Phone Order,65.7557836816505
3506,76367,14919,40763,1,East,Online,False,Rainy,21.1887440919489,42,Online Order,18.9388609701084
7814,91992,95376,49752,5,South,Online,False,Rainy,22.8723442236217,16,Phone Order,27.2912092820035
5143,67067,59042,94453,4,West,Credit Card,False,Rainy,25.7935459294863,44,In Store,72.3229003068204
8900,65312,31189,34452,3,North,Cash,False,Cloudy,27.2728810957415,40,Phone Order,38.725178137791
3276,40539,70153,32913,3,East,Credit Card,False,Sunny,25.3249267372091,40,In Store,43.4644849484622
3873,74160,86231,85926,1,East,Credit Card,True,Sunny,24.8106824747644,34,Phone Order,14.6670541568155
7016,68540,46889,61583,1,South,Online,False,Sunny,34.4587401810978,56,Phone Order,17.2969670747709
3781,33540,98816,71718,5,West,Cash,True,Sunny,29.6236952186509,42,Online Order,50.0055491619332
6139,12390,45865,30983,5,East,Credit Card,False,Sunny,20.3514943305108,34,Online Order,79.9788392394995
4523,79186,52064,19499,2,South,Online,False,Cloudy,26.4526386266646,25,In Store,25.8573432916659
7511,24339,63916,92200,5,North,Credit Card,True,Rainy,33.1251304961595,24,Online Order,84.504551072901
6435,97140,77740,87800,2,North,Credit Card,False,Sunny,24.52184279616,37,Online Order,39.716380983104
9452,99271,10427,33429,4,East,Online,False,Rainy,21.4183451716158,51,Online Order,32.0390610442256
1352,50802,30887,87369,1,East,Online,True,Cloudy,31.3757715738487,55,Online Order,19.9197296233999
1098,52250,51333,12248,4,West,Cash,False,Cloudy,27.15434218268169,33,Online Order,25.3887292569664
6602,75390,79509,31093,5,West,Credit Card,True,Sunny,28.5546876173975,59,In Store,25.173816092861
5247,44647,81293,81525,4,East,Online,False,Cloudy,20.8036483941111,32,In Store,22.6497161706698
8554,16433,20009,81127,4,South,Online,False,Rainy,22.1074851469327,41,Online Order,40.5069442842057
2151,71067,38810,21266,4,West,Cash,True,Sunny,29.3382409431967,20,Online Order,57.974379840706
9306,32490,60437,64179,5,East,Cash,False,Sunny,23.1173576218825,24,In Store,30.1772155665887
3269,24066,82223,58660,4,West,Online,True,Rainy,27.5610511962263,16,Phone Order,20.339948871774
8542,68697,51883,16146,2,East,Cash,True,Sunny,28.1732252904409,38,In Store,38.1127308537638
9794,21698,61712,63824,5,North,Online,True,Sunny,27.15434218268169,52,Phone Order,86.6444976954947
7528,23799,48953,74009,4,East,Credit Card,False,Rainy,34.2263773331223,42,Online Order,68.5509902683418
9696,27226,96313,48246,5,North,Cash,False,Sunny,32.6369616025336,42,Online Order,91.3318206626482
5165,39271,19199,34819,3,West,Credit Card,True,Sunny,30.8356026144919,59,In Store,46.5015422747447
4937,11161,78752,54889,2,East,Credit Card,False,Rainy,21.1699079961411,53,Online Order,13.1321238924424
6281,17367,40361,33652,4,West,Credit Card,False,Cloudy,27.15434218268169,16,Phone Order,43.9460112844233
1837,93573,82901,58495,3,North,Online,False,Rainy,27.3917201879743,19,Phone Order,47.5417268909083
5611,82222,40941,49472,3,East,Credit Card,True,Sunny,22.4107002378647,25,In Store,27.6150507356184
8706,95185,95015,43687,5,West,Credit Card,False,Rainy,34.6739819529421,24,Phone Order,76.5554773102178
3891,23796,69981,20076,3,North,Credit Card,True,Sunny,22.3778035104111,57,In Store,16.1024301720443
7601,74167,30287,68582,2,West,Online,False,Sunny,27.3120175319596,16,In Store,19.1841202263877
5424,85034,15595,81838,2,South,Credit Card,False,Rainy,25.4618158526225,29,Phone Order,26.4739100883151
7654,23918,22043,47289,1,North,Credit Card,True,Sunny,29.5907963218114,53,Phone Order,14.4813474425936
7644,82831,15126,15064,2,North,Cash,False,Cloudy,21.9355461333413,55,Phone Order,27.3112199338573
9811,62603,39553,35687,3,North,Online,True,Sunny,26.4547464206358,51,Phone Order,46.3990324233043
4040,63623,35883,54009,2,East,Credit Card,False,Rainy,24.1205754921071,21,Phone Order,10.1826624471951
5042,66749,36762,15852,5,East,Cash,True,Cloudy,33.3162728700753,34,Phone Order,32.5705899983141
9733,39732,96816,31847,1,East,Online,False,Cloudy,20.6087856820204,48,Phone Order,18.0341637841871
3767,38981,17234,14006,3,South,Online,False,Sunny,33.7059124100968,49,Online Order,45.6786889840572
2652,95933,28926,69830,1,South,Online,False,Rainy,32.494912078295,48,In Store,6.69397464029017
9239,86949,29734,54050,3,North,Online,True,Sunny,24.4635607466122,36,In Store,52.893349682936
6261,59574,75309,67979,5,South,Online,True,Sunny,27.15434218268169,45,Phone Order,43.1673413368425
1650,61328,14863,83582,1,West,Online,True,Rainy,20.4682034050812,37,In Store,12.1738982629283
7984,73515,37141,62440,4,North,Credit Card,False,Rainy,27.15434218268169,33,Phone Order,28.7117907730796
8033,55376,18012,56387,3,North,Credit Card,True,Sunny,27.8989241388468,18,Online Order,46.9549525389768
6869,42979,10912,63451,4,West,Credit Card,True,Cloudy,24.5492153909816,38,In Store,60.011265260856
3171,95745,18011,54639,1,North,Credit Card,True,Sunny,25.4387481889201,34,In Store,8.16668706749204
8439,99983,22716,42942,4,South,Cash,True,Cloudy,20.9960803019074,53,Online Order,71.8040460114201
9438,87940,46076,82488,4,East,Credit Card,True,Sunny,34.8402427106305,42,Online Order,44.0783614531827
8345,50408,89775,44333,1,West,Online,True,Rainy,20.5893791772603,53,Online Order,9.38772636606112
1030,89140,26390,18737,5,South,Credit Card,True,Cloudy,29.8236068472178,31,In Store,36.4247192098401
1743,55216,96479,93477,4,West,Credit Card,True,Rainy,26.6410389155968,33,In Store,35.9700807509322
1424,63318,19399,24011,4,West,Online,True,Rainy,34.2337432728307,49,Online Order,21.321615273429
2193,92792,76347,53351,5,North,Credit Card,True,Rainy,23.6899961046019,46,Online Order,68.7443119342086
7943,60287,11286,17096,4,North,Credit Card,False,Rainy,27.9813023590701,53,Online Order,70.5338447806368
3033,48204,64706,45018,4,South,Credit Card,False,Rainy,27.2353431287412,49,Online Order,52.9388269664985
8324,21904,17565,41145,4,West,Cash,True,Sunny,30.5429966607515,44,Online Order,33.1564377154325
2031,31895,20164,68206,2,North,Credit Card,False,Cloudy,21.0201534792863,31,Phone Order,11.0100753464161
3500,36068,94931,22842,5,North,Online,False,Sunny,22.9068369503503,56,Online Order,41.0971054944102
3010,46107,10416,58178,4,West,Online,True,Sunny,23.2184723013927,43,Phone Order,44.9672856842655
6971,93302,31846,33183,5,South,Credit Card,True,Sunny,31.0722613226253,20,In Store,81.9708571524847
6903,59929,90109,77085,3,South,Credit Card,True,Rainy,22.8370804449011,31,In Store,23.4529283641998
5158,31089,59247,45762,3,West,Credit Card,False,Sunny,28.6023764583646,31,Phone Order,47.3906154009608
4757,58211,37997,73078,4,South,Online,True,Cloudy,23.2286573075143,28,Online Order,72.016008101113
3230,48463,11143,66819,5,North,Online,False,Sunny,32.9243742512596,38,In Store,59.0460136081267
2010,45535,21065,88369,5,West,Cash,True,Rainy,34.1327818173445,51,Online Order,86.6073993731945
4736,76153,23033,67026,5,North,Cash,False,Cloudy,27.15434218268169,54,Online Order,66.5993011026321
6088,57622,89145,34164,2,East,Cash,False,Cloudy,25.2846332631376,53,Phone Order,29.1127251124271
1227,38319,31210,77382,3,East,Online,True,Cloudy,23.5108666252624,46,In Store,38.6825307152191
7925,56332,24299,35869,5,South,Cash,True,Cloudy,20.7467150228456,50,In Store,59.7379537563506
7075,53502,93433,81477,5,East,Credit Card,False,Sunny,24.0275011429624,51,Phone Order,42.5990081331887
9761,69539,84002,67466,2,North,Credit Card,False,Rainy,29.8135366991797,28,Online Order,19.0958217838313
7903,94391,28468,25062,2,East,Online,True,Cloudy,28.0042539696381,41,Online Order,18.6991035683082
3998,90373,22554,48169,5,North,Cash,True,Cloudy,34.1606191742139,33,In Store,67.2466698215361
5767,14943,52738,67698,1,South,Credit Card,False,Rainy,25.9441589373755,45,Phone Order,6.79930539535834
4099,64446,52559,24579,5,South,Online,True,Sunny,30.4079501349259,23,Phone Order,93.7593768026751
6670,18326,58840,31480,5,North,Cash,False,Cloudy,27.3398412121268,52,Online Order,79.0491358962335
7570,56605,92980,85658,2,East,Credit Card,True,Sunny,27.6886432388631,31,Online Order,22.0433689273958
8451,56221,74500,64134,2,South,Cash,True,Sunny,24.0166147190617,33,Phone Order,14.7587243357913
6678,62593,42793,25291,5,West,Online,True,Sunny,27.15434218268169,58,In Store,91.1494127291226
3864,15114,87029,10534,5,South,Cash,False,Sunny,27.15434218268169,18,Online Order,86.7833567575873
2407,50494,73705,48802,5,East,Online,True,Cloudy,30.599637826234,25,Phone Order,79.1291164537884
6782,65095,41798,69265,2,West,Cash,False,Cloudy,34.1095999877917,36,Phone Order,18.1464114223372
1418,57305,83375,56676,5,East,Credit Card,True,Sunny,24.9398191622375,18,Phone Order,55.1834978075251
8268,91536,39821,13650,5,North,Online,False,Sunny,20.6330070287194,31,In Store,32.7061189339317
5582,91113,87116,43952,4,West,Online,False,Rainy,27.4444268825095,22,Online Order,31.3423714836519
5169,45115,58501,56695,1,East,Online,True,Rainy,28.1669199822375,48,Online Order,16.7452495597509
5668,27645,17807,48217,3,West,Cash,False,Rainy,22.5266082669787,25,Online Order,47.1767423482807
6596,79505,97272,82787,1,East,Cash,False,Cloudy,31.406969094141,45,In Store,13.902286444639
9764,75849,76428,29062,4,West,Credit Card,False,Rainy,34.7739366266223,25,Online Order,73.7436035555703
5781,80042,16062,62931,3,East,Online,False,Cloudy,34.1866207551269,52,Online Order,41.246993301587
1293,16753,46251,24847,5,North,Online,True,Cloudy,22.9565905823547,35,Online Order,60.0225999972708
4225,18555,85844,78550,4,West,Cash,True,Cloudy,33.1304485985114,44,Online Order,40.4222447783457
4484,18929,84306,14623,5,West,Cash,True,Cloudy,30.5674045461752,24,In Store,95.5336379302129
7061,34625,88523,96355,2,West,Credit Card,False,Rainy,26.8076984571036,40,Phone Order,12.4814638457306
9351,27348,51500,54820,4,West,Credit Card,False,Sunny,27.15434218268169,41,Phone Order,75.8532423236485
4843,75635,22545,42690,2,North,Cash,True,Sunny,32.7440026247368,22,Online Order,34.8014397979305
4041,11172,97899,99564,4,West,Online,True,Sunny,27.2020240945756,53,Online Order,27.795795472142
8532,59838,12020,13071,4,South,Credit Card,False,Rainy,25.5981105365769,22,Online Order,53.8990614605152
9517,10358,96530,43014,2,North,Cash,True,Sunny,27.3987123953897,22,In Store,35.9964394524726
6937,10825,63216,44191,3,South,Cash,True,Rainy,28.6869470605257,48,Online Order,40.7314123623219
2673,66975,79650,91721,1,West,Online,False,Rainy,22.8361648066752,30,In Store,18.6079973234093
7696,49443,10341,38233,5,East,Cash,True,Rainy,33.5136159540048,55,Online Order,95.7237862612031
5067,86469,94257,88200,4,South,Cash,False,Sunny,30.1128042324442,27,Online Order,45.3430713310583
7165,66343,93416,37292,5,West,Credit Card,True,Sunny,29.4990337600623,37,Phone Order,53.2985246054742
8697,55635,58966,90030,2,South,Cash,False,Sunny,21.4924433927095,26,Online Order,38.0896346190747
7587,41354,62071,43840,5,West,Cash,False,Cloudy,29.0626090725888,41,In Store,75.6355045862251
7018,55281,23922,65846,2,West,Credit Card,False,Rainy,21.8144099335773,36,Phone Order,13.480680440445
2835,16598,53187,96483,5,West,Online,False,Cloudy,21.1804651279309,46,In Store,28.171881191701
5767,65218,53021,52489,1,East,Online,False,Rainy,27.9096634346359,41,Phone Order,13.4694357649589
8247,31070,19725,26763,1,South,Credit Card,True,Sunny,26.0417830106974,16,In Store,18.9525644815763
5208,97395,55994,34917,1,North,Credit Card,True,Rainy,27.15434218268169,59,Phone Order,17.6637305360872
4799,13145,65080,62424,1,North,Online,True,Rainy,21.3383325208585,47,In Store,15.137716196965
4842,56996,78994,49762,1,North,Online,False,Cloudy,26.4647459427088,40,In Store,7.08673773336631
5227,10400,83866,68807,1,North,Online,True,Rainy,27.15434218268169,42,Online Order,8.81347075623043
6481,77993,74595,13551,2,West,Online,False,Sunny,34.8065012888617,33,Phone Order,36.2653367965784
6496,68665,50245,68548,4,South,Online,False,Rainy,28.4172531865276,57,Phone Order,30.968434199414
9215,81310,43639,53335,5,South,Credit Card,True,Rainy,30.311552914113,19,Online Order,45.8829556187825
5065,14074,73431,54140,1,East,Cash,False,Rainy,24.8812742102391,47,In Store,6.94400976793162
1667,91262,46098,19169,2,South,Online,True,Cloudy,21.4210837216901,34,In Store,30.2832469424323
9733,46020,99667,30913,2,South,Online,False,Rainy,34.638062941753,44,Phone Order,38.3194691608962
8503,81324,71832,88148,2,South,Cash,False,Rainy,24.2938855307477,59,In Store,18.0690409478615
2707,58941,74133,83966,4,East,Cash,True,Cloudy,26.3571227776036,22,Phone Order,48.5243964710044
3907,18449,32125,38716,5,North,Cash,False,Cloudy,29.7479588255386,52,Phone Order,72.5754804783403
5176,82876,25531,32206,4,South,Cash,True,Cloudy,20.3704594652916,31,In Store,79.9679748929378
7200,14852,84266,14900,3,East,Cash,False,Cloudy,27.15434218268169,58,In Store,19.7163629248907
1964,38254,61283,73237,2,East,Cash,True,Sunny,27.15434218268169,15,In Store,24.9571239851712
8738,23140,21450,59730,3,West,Credit Card,False,Sunny,24.1732578060323,17,Online Order,32.3304053956125
5887,85965,49558,56867,1,East,Cash,True,Rainy,20.924119779387,40,Phone Order,17.9873024783353
9344,54642,93171,24525,1,North,Cash,True,Sunny,22.4374762321166,45,In Store,12.1395159651748
9467,15866,93419,39380,4,South,Credit Card,False,Rainy,33.4255078828015,22,Online Order,26.6586514751088
2382,63944,12661,25127,5,East,Cash,True,Sunny,30.2903633590383,57,In Store,72.5818108964937
2120,26777,13230,14505,3,North,Online,False,Cloudy,23.7485258245533,22,Phone Order,49.6851278218745
1271,78007,33551,31873,5,East,Online,False,Cloudy,20.9840114741754,49,Online Order,25.216093874921
4964,83742,10914,66985,4,East,Cash,True,Sunny,30.3592296857995,53,Phone Order,71.5374011252377
6448,49012,96377,83550,1,East,Credit Card,True,Sunny,28.5861158895164,42,In Store,7.79034500008498
7783,96456,44070,86654,5,East,Online,True,Rainy,26.0677928668735,18,In Store,66.4052023490033
1586,45292,20526,85449,5,East,Credit Card,True,Rainy,25.4541717378509,30,In Store,56.1848125515587
7041,82839,17059,21052,1,North,Online,True,Rainy,23.2522141389366,27,Online Order,15.7948072491579
1861,89218,49903,84083,3,South,Cash,False,Cloudy,27.15434218268169,34,Online Order,31.7022726653583
8261,57946,68046,56665,1,South,Credit Card,True,Cloudy,34.560020416908,19,Online Order,18.0464476502256
2963,17517,77747,55106,5,South,Credit Card,False,Cloudy,22.6357286875523,51,Online Order,79.7872270719092
6291,77325,57961,24813,3,South,Credit Card,True,Cloudy,27.15434218268169,34,In Store,44.1470926978314
2295,71325,88156,23017,3,North,Online,True,Rainy,26.3627758361896,38,In Store,50.8308268003284
6474,21830,64847,77141,1,West,Online,True,Cloudy,27.15434218268169,50,In Store,16.3103455239257
8696,13860,80114,51304,5,West,Online,False,Cloudy,23.8122092019172,48,Online Order,27.6954006191165
1712,39982,97399,94687,4,North,Cash,True,Cloudy,32.3770231349212,59,Online Order,43.6840612306896
8427,15174,42595,38584,5,North,Online,False,Cloudy,27.2788340622086,48,In Store,94.8105472987367
9227,90813,66816,45009,2,East,Cash,False,Sunny,28.1510877829739,33,In Store,13.7717280697667
3516,27172,17670,15640,4,East,Credit Card,False,Rainy,24.5714136919598,31,Online Order,64.225793025923
9021,94644,38690,98171,3,East,Credit Card,True,Rainy,22.7271269850042,19,Phone Order,58.8566315100898
5285,50113,41842,66993,4,South,Cash,False,Cloudy,21.2886558230423,39,In Store,23.1319177426983
7545,23972,72215,34217,3,East,Online,True,Sunny,30.7117871138737,32,In Store,45.6987246281974
6822,10569,36855,68686,3,West,Cash,False,Rainy,22.9435142253178,22,In Store,36.0669363585463
9494,62639,95348,19508,4,South,Credit Card,True,Rainy,30.3511303128319,41,Online Order,54.7505153224833
5167,50543,19111,53024,3,East,Credit Card,False,Cloudy,25.8556466907043,29,In Store,18.8403601417946
9648,67171,97997,35556,3,South,Cash,True,Cloudy,26.2366220148447,59,In Store,16.9353128340122
4843,57974,14892,25125,2,West,Online,True,Rainy,27.0376624413915,27,In Store,30.0059998165276
5630,69350,75940,19538,5,East,Online,True,Rainy,25.5156276219131,30,In Store,86.7482072365538
5997,54191,43287,97187,5,West,Cash,False,Sunny,21.5092996583388,36,In Store,83.6511501199725
8479,23624,79824,69425,2,West,Cash,False,Rainy,24.6444771500426,34,Phone Order,26.3141718359871
9257,84793,53187,64973,4,West,Online,True,Rainy,29.956015410409,27,Phone Order,25.9920092681706
5708,80509,76494,95057,1,East,Credit Card,False,Cloudy,29.986766022033,34,In Store,15.3206666575402
6563,85048,69465,99257,1,North,Cash,False,Rainy,24.2933646085999,16,In Store,8.62833325331218
1664,51593,13320,58311,1,East,Online,False,Cloudy,26.9015393983653,49,In Store,18.6660305415107
5193,19063,87196,74899,2,West,Online,False,Rainy,22.901708420179,33,In Store,35.1479607863711
5477,12088,86180,32730,2,East,Credit Card,False,Rainy,23.1555812229475,59,Online Order,31.2814890126217
4672,25772,43912,59897,3,West,Credit Card,False,Rainy,20.3457063260991,51,Online Order,57.6980680124008
5216,54458,27027,60974,1,North,Credit Card,False,Sunny,33.4511982486161,20,Online Order,5.47132732266909
8954,10420,50666,21129,4,South,Credit Card,True,Cloudy,23.1605999761235,28,Phone Order,64.1720255036457
9450,49399,85675,63099,4,North,Credit Card,True,Sunny,23.4130081540469,18,In Store,39.8145667601843
1446,17090,73412,39710,1,North,Cash,False,Rainy,24.1940214896769,36,Online Order,18.5909882852954
2682,64716,32450,55551,1,South,Online,True,Sunny,21.9111210754314,53,In Store,9.00012794992966
5175,25033,52945,45390,1,East,Cash,True,Cloudy,29.5889432477204,50,In Store,15.8728474897252
1797,36696,27171,89546,2,South,Cash,True,Rainy,21.1271442976637,48,Phone Order,36.3294105895234
1585,10725,39684,67670,2,East,Cash,False,Sunny,22.0130363948952,41,Phone Order,11.2497045514804
5317,20973,33081,38944,2,East,Cash,False,Sunny,29.6713508988513,21,Online Order,21.929427387761
4594,75170,47936,49888,5,West,Cash,False,Cloudy,25.0949093072216,17,Online Order,82.1731774016453
9097,93451,93788,64134,4,West,Credit Card,False,Sunny,30.6192174005178,47,Phone Order,47.2951333704552
7212,52730,30671,41379,4,South,Credit Card,False,Cloudy,28.3613711700521,16,Phone Order,36.0351577876157
6028,44828,81513,23827,3,North,Online,True,Rainy,23.8403175959226,56,In Store,24.8912406970435
9013,29436,80750,20085,2,South,Cash,False,Rainy,29.7624192573399,30,In Store,13.9455480074913
6931,72061,89143,32793,5,East,Online,True,Sunny,21.7441052043932,39,Online Order,89.2847169892211
3323,25013,76360,22758,5,West,Credit Card,False,Rainy,28.0461557462004,29,Online Order,68.1516552438667
8421,65951,91193,29541,4,South,Credit Card,True,Rainy,26.5572215756755,38,Phone Order,24.5830966994873
3060,43749,29294,69705,2,South,Credit Card,False,Sunny,24.0181037422616,29,Online Order,21.477409707119
5720,89192,85764,37595,3,West,Cash,False,Rainy,29.0600749660925,45,In Store,31.5480142862299
5285,24164,92984,24339,2,West,Cash,False,Sunny,27.15434218268169,28,Phone Order,15.4521757212838
6497,38739,39867,89293,1,West,Credit Card,False,Cloudy,27.15434218268169,28,In Store,11.5326143820828
6747,70135,57390,73424,2,East,Online,False,Cloudy,29.1164415311513,20,Phone Order,19.962980961794
5357,92708,40013,46258,1,West,Online,False,Cloudy,26.0705881149375,28,Phone Order,10.1270555823827
5240,80710,63379,59617,1,North,Credit Card,True,Sunny,23.378106503243,31,In Store,16.0853983668193
6340,16542,69865,73603,3,South,Online,False,Sunny,23.8564413409266,32,Online Order,25.0468523477338
4640,78806,80932,21826,4,West,Credit Card,True,Rainy,27.1918246722464,34,Online Order,58.5115975313213
6278,20727,18665,77395,2,West,Online,False,Rainy,25.5091655192106,31,Online Order,27.119488716428
5649,15263,20029,64061,1,East,Credit Card,True,Rainy,33.7072178393741,30,Online Order,13.521387685068
3118,73387,37274,94871,2,East,Online,True,Rainy,25.5244320148356,54,In Store,29.8902203842532
1283,34964,88048,50776,4,South,Cash,True,Rainy,25.6016688671815,53,Phone Order,52.9029221717392
7654,21075,24415,51354,4,North,Credit Card,True,Sunny,25.7530176865096,46,In Store,72.755306890783
4428,54577,54248,67292,5,South,Credit Card,True,Sunny,32.5493031555148,58,Online Order,75.6685068962694
3926,81222,27006,64408,4,West,Online,True,Cloudy,29.7618248127035,23,Online Order,52.8177950822832
1260,37174,27795,92423,3,North,Credit Card,False,Cloudy,29.2125327547833,41,In Store,52.339340412944
5286,75861,39499,54018,1,North,Credit Card,True,Cloudy,25.0121453357579,47,Phone Order,14.0921984740021
6172,25118,29830,85743,5,North,Credit Card,False,Cloudy,32.2685626524865,24,In Store,46.8358185838884
8119,52698,52683,40292,3,North,Cash,False,Sunny,20.5754579203355,31,In Store,24.3192713179457
4749,24097,31333,93284,2,South,Cash,True,Sunny,33.0619575850716,50,In Store,14.5698335698803
9220,65678,64229,31584,1,East,Online,True,Sunny,27.6912484969089,31,Phone Order,18.4918281881915
2401,15210,85059,59854,4,East,Cash,False,Rainy,25.9737535229511,32,In Store,62.6081259078839
5878,10718,80580,49719,1,West,Online,True,Rainy,27.4575092107652,37,In Store,19.0606765724648
5783,20120,12812,72990,2,East,Cash,True,Cloudy,30.0112329580074,48,Online Order,28.0987541714482
5848,47146,86767,12508,5,East,Online,True,Rainy,20.1914813977684,22,In Store,60.5050661121184
5041,10064,20999,72671,5,East,Cash,True,Sunny,33.0732778468737,27,Online Order,29.4787366728166
9937,40181,44410,77148,5,East,Cash,True,Cloudy,26.7010928796708,37,Online Order,75.3731711159522
2709,87706,48829,73160,4,West,Online,True,Cloudy,27.15434218268169,34,Online Order,54.9325255860938
1969,41596,10865,89245,3,South,Credit Card,True,Rainy,22.0736834845108,36,Phone Order,59.5594002114429
2302,80931,94905,98786,3,North,Credit Card,False,Cloudy,26.5919806153766,37,Online Order,25.7621450002009
1394,98463,61617,39666,1,East,Cash,True,Rainy,27.4448415692656,55,In Store,12.9610603293025
8256,41591,13957,94596,4,South,Online,False,Rainy,26.0547004174021,49,In Store,59.0574401070843
1908,91747,65363,36913,5,East,Credit Card,False,Cloudy,30.1799014074034,17,Online Order,73.3443381056757
4291,63394,21981,75719,5,East,Online,False,Rainy,26.3134479313883,48,Online Order,67.0970157211302
8813,31135,56113,95042,2,North,Credit Card,False,Rainy,34.4212636676986,47,In Store,33.3078403098167
5083,98037,44867,69760,2,North,Online,True,Rainy,27.15434218268169,31,Online Order,16.1494362858044
3446,10991,86100,68177,5,North,Cash,False,Rainy,32.1121690347786,59,Phone Order,79.4220400205811
1724,98508,36584,26659,5,East,Online,False,Cloudy,21.6403385466421,33,Online Order,71.4800928574817
9754,63786,21554,97716,4,East,Credit Card,False,Sunny,25.9593693941885,44,Phone Order,73.7645067076744
3159,48805,38261,96137,3,East,Cash,False,Sunny,25.0527155217072,37,Phone Order,53.1237497565111
4591,98728,39999,25833,2,North,Online,False,Rainy,28.5422358220488,29,Phone Order,19.4544111739766
2163,10891,54360,20744,3,West,Credit Card,True,Rainy,32.9167028009213,28,Online Order,27.4306796238818
3788,87504,95918,23602,4,South,Cash,True,Rainy,21.1750732664301,16,Phone Order,78.8991994311468
2853,51573,50387,40673,5,West,Online,False,Sunny,21.0886219706706,53,Phone Order,64.5448885686442
9189,83919,14912,14670,3,East,Credit Card,True,Rainy,32.7547656223639,32,Online Order,55.7889433761496
4935,50022,66653,37868,5,East,Online,True,Cloudy,23.1927512905753,20,Phone Order,37.2910767835361
4005,79644,12811,50282,5,West,Online,False,Cloudy,27.15434218268169,46,Online Order,73.211418610013
5954,89181,34052,10168,1,East,Cash,False,Cloudy,28.143171985412,35,In Store,17.1479028104087
5344,45882,64706,52803,3,South,Cash,False,Sunny,32.4934039233084,54,Phone Order,57.6327862313901
7131,15773,61540,97339,3,East,Credit Card,True,Rainy,21.876333647546,42,Online Order,30.180306345766
9590,38186,48384,37564,5,South,Cash,False,Rainy,21.9467444858391,41,In Store,79.3735877443039
5037,73945,67160,96302,4,West,Credit Card,True,Rainy,28.3522754041746,16,Phone Order,52.3287805423771
1233,25522,16109,36115,1,West,Online,True,Sunny,34.1956798003755,47,Phone Order,5.90943389099702
1430,83318,21801,49449,5,East,Online,True,Sunny,27.15434218268169,30,Online Order,76.7499802981707
2712,26695,68596,60130,2,South,Credit Card,False,Sunny,24.9041315038204,53,In Store,30.7028967471353
9657,21563,82424,19383,2,East,Online,True,Sunny,27.15434218268169,36,Online Order,37.9182041453961
1515,36407,66719,33466,1,North,Cash,False,Cloudy,33.9567290081754,57,Phone Order,12.4596866925345
8071,78676,99661,12763,4,North,Online,False,Sunny,32.5539174926693,27,Phone Order,33.8150552426308
1913,12443,92088,80993,5,North,Cash,False,Sunny,34.9322541609983,16,Phone Order,28.3422867586509
6914,57377,73586,53372,3,North,Credit Card,False,Sunny,27.15434218268169,28,Phone Order,33.7038984008657
1747,43169,56186,87516,1,East,Credit Card,False,Rainy,21.6928721706914,52,In Store,9.52875050116252
3654,67263,50123,31300,4,North,Online,True,Rainy,29.1420164504993,55,In Store,65.6652983614325
6967,40441,52280,16205,3,South,Online,True,Rainy,32.3086465900077,42,Online Order,30.942049417847
7521,96150,86941,46414,2,West,Cash,True,Cloudy,24.2786651346014,21,Online Order,38.4721358894453
6059,52938,24855,72903,2,West,Cash,True,Cloudy,23.5881663205132,32,Online Order,38.8693060896335
6206,99641,57624,14570,3,North,Online,True,Sunny,31.804636990718,55,Phone Order,42.9408865597968
9839,34798,94209,54588,1,North,Online,False,Rainy,20.8457278077984,50,Online Order,18.9299043052232
8703,36173,43955,23715,2,North,Credit Card,False,Cloudy,25.5407397137387,55,In Store,32.8256303354348
1918,13481,75531,21943,5,East,Credit Card,True,Rainy,27.5871383388849,50,Online Order,66.0144730731344
5155,18070,12840,21487,3,West,Credit Card,True,Cloudy,28.4052301152548,58,Online Order,23.113857094025
9836,28571,24725,33485,3,North,Online,True,Cloudy,30.9292273518916,18,In Store,35.6369074581228
1141,86752,45517,75704,2,South,Online,False,Sunny,25.3226858514598,44,In Store,26.8262339008785
2917,39900,80069,59300,1,North,Online,False,Sunny,27.15434218268169,38,Phone Order,17.9594237110251
5700,11998,15661,70867,5,West,Credit Card,False,Cloudy,28.7806313418643,34,In Store,61.1000032401748
7525,90438,79775,54478,1,North,Online,True,Sunny,27.15434218268169,45,In Store,18.4651200901693
5528,89534,53142,61812,4,West,Cash,True,Cloudy,29.6072493971331,38,Online Order,60.4609387414081
9173,20018,47382,50128,4,North,Online,True,Cloudy,27.15434218268169,21,In Store,28.2199437832202
3418,87373,47182,10653,2,South,Online,True,Rainy,21.2697313037694,40,Phone Order,39.8494410797527
5062,96751,83027,51536,2,North,Online,False,Sunny,21.7890750805961,27,Online Order,25.8169798226173
2591,96091,85579,83445,2,South,Online,True,Sunny,23.3687357398085,22,Phone Order,21.7557488922723
3417,87406,23514,36182,4,South,Online,True,Sunny,27.5029690328417,19,In Store,59.5468258681715
1130,31293,98402,39371,1,North,Cash,True,Rainy,32.6066412581903,58,Phone Order,6.63339970971558
2850,18814,41602,86801,1,South,Cash,False,Rainy,30.5194001313257,27,Phone Order,14.5480797013003
9870,91688,74882,86549,2,East,Online,False,Rainy,31.8356090630307,43,In Store,24.9470800149781
5464,32093,83207,82529,5,North,Credit Card,True,Sunny,25.2646343588913,34,In Store,55.5005552498937
4300,80281,89061,39016,1,North,Online,False,Sunny,26.0698061247282,28,Online Order,19.2953003176834
9156,50530,91727,33225,4,South,Online,False,Sunny,27.15434218268169,46,Online Order,51.3523830039231
6064,29660,32549,13335,3,South,Online,False,Rainy,22.8780977660675,41,Online Order,24.8602865761472
5873,96703,26434,17458,3,North,Credit Card,False,Rainy,20.9182498721535,39,In Store,35.6533565719784
5154,37131,65509,60614,3,East,Credit Card,False,Cloudy,28.8637413924084,18,Phone Order,56.3724332057702
1784,71597,11600,33126,5,South,Credit Card,True,Rainy,34.8382502513087,35,Phone Order,38.2071603497946
8065,57044,99349,10240,2,South,Cash,True,Cloudy,27.15434218268169,32,Online Order,16.4187111606471
2625,34890,97022,20150,4,West,Credit Card,True,Sunny,20.7002722984891,53,Online Order,20.781774065425
2979,24136,89183,13329,5,East,Cash,False,Rainy,31.6929752273589,29,In Store,26.0642537046825
2911,10944,40904,17688,4,East,Cash,False,Sunny,23.7887901002708,52,Phone Order,69.7634976175107
3010,24746,96329,96295,4,North,Credit Card,False,Sunny,32.4446570802939,38,Online Order,63.9273564105773
6275,86562,24855,38994,2,East,Credit Card,False,Sunny,30.5590500055177,22,In Store,20.6512316935587
5547,53121,93635,54282,3,North,Credit Card,True,Sunny,34.185103055762,42,Online Order,46.4240020752407
4490,23530,62764,43882,2,West,Cash,True,Rainy,26.13390853635,35,In Store,21.8561777892991
4298,27717,56295,47509,5,East,Online,True,Sunny,29.9295475917595,30,Phone Order,96.467259699837
9840,17069,51055,80447,5,South,Credit Card,True,Cloudy,26.972821712199,30,In Store,97.5289511069526
3515,94384,50936,74036,5,West,Credit Card,True,Rainy,29.4588304596281,49,Online Order,54.4595331857007
8596,26083,83544,53943,2,North,Credit Card,True,Sunny,26.743983590116,31,Online Order,35.626657190226
4995,59192,36409,95220,4,West,Cash,False,Rainy,22.8294836963611,23,Phone Order,66.3853425018479
8676,64039,61689,18331,4,North,Cash,False,Cloudy,27.6184612400507,49,Phone Order,38.5999962303073
5754,73818,88384,52213,1,West,Online,True,Sunny,27.15434218268169,43,Online Order,8.48059743351659
6453,77124,12991,63798,5,North,Credit Card,False,Cloudy,32.1590577239024,53,Online Order,59.3675987794625
5402,66474,53932,75070,4,East,Cash,True,Sunny,31.0328105869037,32,Online Order,66.8809304368643
3035,90159,61741,79317,1,South,Online,True,Cloudy,29.9568743591216,26,Phone Order,19.4025167709311
9088,87615,79229,17768,4,North,Credit Card,False,Sunny,21.7008064332885,33,Online Order,65.8147441319943
2361,37987,29057,64740,5,West,Cash,True,Rainy,30.8092443599557,36,Phone Order,89.1405238763777
3215,24059,30893,81561,3,North,Credit Card,True,Sunny,27.5045773453177,29,Online Order,42.1378937776732
6181,97952,24893,90945,5,North,Credit Card,True,Rainy,27.15434218268169,15,In Store,87.6555873131594
2647,65486,17042,91945,2,North,Cash,False,Sunny,33.7980640119581,16,In Store,33.5326257401025
9702,37376,38956,75971,4,West,Cash,False,Sunny,20.8273488590267,22,Online Order,42.6191325155768
1608,28309,61719,92498,4,South,Cash,False,Cloudy,27.15434218268169,36,In Store,53.1194181272432
1896,35433,95896,62949,2,East,Credit Card,False,Cloudy,20.56546085634,39,Phone Order,34.1425936596908
9049,30726,49228,76543,2,South,Credit Card,True,Cloudy,25.5075443854253,16,In Store,11.3817020256986
5688,47099,80369,97091,3,North,Online,False,Sunny,28.1344996343161,23,In Store,51.3635677060123
9166,91987,24393,92628,4,West,Credit Card,False,Sunny,22.2215119794069,23,Phone Order,30.6732874429414
2358,11517,82320,88789,4,South,Cash,False,Sunny,31.1947071885361,27,In Store,50.8810170272863
5537,45572,11788,55032,3,North,Credit Card,True,Rainy,20.125320562582,20,In Store,51.3723947800171
1567,40226,44202,85873,1,East,Online,False,Rainy,27.15434218268169,44,Online Order,8.80731617235042
7091,79155,58887,42423,3,East,Online,False,Sunny,28.7119524478021,29,Phone Order,26.0613347687768
2223,14023,18137,96634,5,East,Cash,True,Cloudy,30.7158134305593,29,Phone Order,55.2073298846688
5124,67570,31552,88996,4,North,Cash,True,Cloudy,33.7496465404087,21,Online Order,73.678567854658
7140,76946,36374,58756,2,West,Online,True,Cloudy,30.5824497790193,25,Online Order,10.0132834431162
4479,46411,40127,52732,5,South,Online,True,Sunny,30.0766890538229,54,In Store,92.6037322481451
2071,50888,40644,11559,4,East,Online,False,Cloudy,25.9151171952599,52,In Store,29.2284214784964
5390,71103,13802,80646,3,North,Cash,True,Sunny,20.019266382902,54,In Store,59.5538869230366
3487,44020,66693,23284,5,North,Online,False,Rainy,21.8023888810343,16,Online Order,96.6135244778851
1725,67768,30093,76668,4,South,Online,False,Cloudy,28.0183181713405,53,Phone Order,49.6805113754769
5593,58161,24101,24787,1,East,Cash,False,Rainy,30.1269482876662,24,In Store,12.6908037171894
8088,73015,32216,80881,1,North,Credit Card,False,Cloudy,26.2617242584469,58,Online Order,12.2232401041378
2013,46868,27605,91540,2,South,Credit Card,False,Sunny,30.9601851729258,31,Phone Order,29.0633093697856
4175,31687,30724,63726,4,West,Online,True,Sunny,27.8279344299826,21,Online Order,25.4433021340958
1509,87898,71645,25114,1,West,Credit Card,False,Sunny,21.1126429339146,54,In Store,5.48926922512349
5770,30165,55945,45387,3,West,Credit Card,False,Sunny,22.8802437645192,53,Online Order,17.5966317787154
2137,95722,54622,89174,4,East,Credit Card,False,Cloudy,32.5999733486591,18,Online Order,46.6619209544908
3184,72962,81416,48478,3,South,Credit Card,True,Rainy,30.8736911993665,49,Online Order,27.3996572648767
7714,44026,84423,79135,3,South,Online,False,Sunny,33.4214298051874,50,Online Order,42.9917803066947
7502,13030,88237,84837,1,North,Credit Card,False,Cloudy,21.763358736814,45,Phone Order,19.8866343406216
8135,89156,35095,73704,4,North,Credit Card,True,Rainy,34.8533380192261,39,In Store,43.1793903845879
5152,69482,72952,95450,5,North,Cash,False,Sunny,23.141100709249,55,Phone Order,68.0380940578385
1184,44337,65510,28600,1,South,Online,False,Rainy,20.1766981442996,27,Online Order,11.23405843861
6605,92111,38451,53530,1,North,Cash,True,Sunny,34.9613440858033,32,Online Order,17.7090750158278
3293,75864,13019,60925,4,South,Cash,False,Rainy,24.2161082816766,35,In Store,74.1341842077342
2009,15527,68113,50172,4,South,Online,False,Rainy,27.15434218268169,15,In Store,72.6413367323156
7506,88066,78715,58957,3,West,Credit Card,False,Sunny,22.6502347126445,50,Phone Order,58.8467507405665
9678,98525,67071,41532,4,North,Cash,False,Cloudy,28.7034279829871,22,Phone Order,21.6511511084249
2143,45611,96553,57864,3,West,Online,False,Rainy,33.5605247968183,35,In Store,52.7917272965489
6241,71041,70263,70033,1,East,Credit Card,True,Sunny,24.8027175114265,57,Phone Order,16.2765825955863
7416,54718,88577,40280,2,East,Online,True,Rainy,30.0538096406653,35,Online Order,16.8608322820109
5050,42575,47490,38191,5,East,Cash,True,Rainy,22.8185538319762,41,Online Order,96.7240070040645
7128,11396,69653,19466,1,South,Credit Card,False,Cloudy,29.3719309807808,33,In Store,7.22266892344918
5146,82648,72751,74071,4,South,Credit Card,False,Rainy,27.15434218268169,37,Phone Order,60.7729956280345
3138,59698,94229,62593,5,South,Online,False,Rainy,23.1681238788192,57,Online Order,41.8667662611934
4815,89684,40054,67763,2,North,Credit Card,True,Sunny,24.6977307605545,49,In Store,22.9414194632222
7230,28727,40487,38735,2,West,Cash,False,Sunny,22.6826160276169,54,Phone Order,31.574796908337
7561,34256,66854,74845,3,South,Cash,False,Cloudy,33.5287416175682,56,Online Order,40.3496088914871
5321,81545,50763,23961,5,West,Cash,False,Rainy,25.9578032947569,19,Phone Order,57.0626373496083
7255,71788,88942,15604,3,West,Online,True,Rainy,23.6791895746155,55,Phone Order,29.6852293919394
5761,50749,79120,58967,1,West,Credit Card,True,Rainy,26.7261176152389,22,Phone Order,17.5948948356318
5912,45924,21520,23293,5,North,Credit Card,False,Cloudy,24.8080425020974,25,In Store,35.786076273611
6778,94856,20187,54499,1,North,Credit Card,False,Rainy,31.1662888071998,30,Online Order,11.451543147947
1803,26366,22780,31519,3,East,Cash,False,Sunny,34.5682986782824,53,In Store,55.6690907298814
2296,65174,71656,93401,5,East,Credit Card,True,Cloudy,26.5705048504647,38,Online Order,88.4387162844975
8235,47233,99635,36357,3,West,Cash,True,Sunny,32.9155009995836,35,Online Order,33.0423793112871
6920,40986,64868,33239,5,East,Credit Card,True,Sunny,28.4879461033942,37,In Store,82.2331272700981
3784,59941,71412,94399,3,West,Cash,False,Cloudy,22.3585349764135,52,In Store,52.0422373818986
1025,59127,41953,94672,2,North,Credit Card,True,Sunny,30.3593411312201,22,Online Order,36.6666227201088
8117,17719,72513,87576,3,North,Online,False,Rainy,27.7015174568873,21,Online Order,39.5027596072152
8952,19171,58828,19682,2,North,Online,False,Cloudy,29.7590978487815,16,Online Order,16.1338265816413
5852,91006,23048,59664,3,South,Cash,True,Sunny,33.3453111885749,44,Phone Order,26.4889084426769
8537,60806,67986,78038,5,West,Cash,False,Rainy,27.15434218268169,27,Online Order,47.1771005531203
1429,83622,87878,84705,5,North,Credit Card,True,Rainy,33.5176643482603,37,In Store,69.5351860607211
4140,86202,43550,22923,5,West,Credit Card,False,Sunny,31.2600352142248,43,In Store,27.4607218096456
6614,61195,36271,18540,4,East,Online,False,Rainy,27.3290738881697,52,In Store,58.1625481267981
3132,13850,50599,25875,1,East,Credit Card,True,Cloudy,29.0483320348694,51,Online Order,10.4653135764234
5056,81446,82031,10535,5,North,Cash,False,Sunny,24.8837169877851,34,Online Order,47.1431351867231
3359,65339,17886,45585,2,West,Cash,False,Rainy,34.7539594960816,47,Phone Order,36.3848971218437
9282,15350,79657,65170,5,North,Cash,False,Rainy,30.0102674457559,43,Phone Order,59.5001796685599
7097,70127,17714,65096,4,East,Cash,False,Sunny,20.6577027874494,29,In Store,25.7031827319615
3082,74214,18987,63395,2,North,Cash,False,Sunny,24.8993285862201,37,Phone Order,34.8024030407874
1134,99367,75822,59552,4,West,Online,False,Sunny,29.3497165063858,56,Phone Order,22.8584754461903
9907,15755,91475,16787,2,East,Online,False,Sunny,20.8449991669885,17,In Store,31.8024767250459
1230,16183,30540,47792,3,South,Cash,False,Cloudy,20.3582628697871,51,Online Order,49.8257799796799
8622,73790,53696,20715,1,East,Credit Card,True,Sunny,26.750363592917,43,Phone Order,10.2890390889328
6660,19619,35544,20728,1,South,Cash,True,Cloudy,24.99035269539,59,Online Order,17.3718178441668
9271,91367,31938,66516,4,North,Online,False,Cloudy,26.5744791204974,22,In Store,50.9395643513872
1035,91962,53169,36775,1,North,Cash,False,Sunny,23.9403996482,36,In Store,11.9494047990919
6299,34386,28464,22805,4,West,Online,True,Cloudy,27.15434218268169,43,Phone Order,22.7241968881215
2787,52440,77316,22068,4,South,Online,False,Sunny,30.337150354705,16,In Store,37.4017516189343
5124,35313,54257,99475,4,North,Cash,True,Sunny,27.718566744017,55,In Store,75.8605982531179
1717,96580,59844,26372,1,South,Cash,True,Rainy,23.0023131687405,59,In Store,10.8773594492525
4051,39737,10829,38266,4,North,Credit Card,True,Sunny,24.7938413938999,15,Phone Order,52.8020312334061
4375,63518,92841,92202,1,East,Online,False,Rainy,27.15434218268169,58,Phone Order,12.9803251847637
4672,52274,27565,34386,4,North,Credit Card,False,Cloudy,21.0834402240871,34,Phone Order,55.4258653893616
5047,99470,87429,94100,5,West,Cash,False,Rainy,22.2117951389926,35,In Store,29.5998216732461
6148,91670,30106,80726,4,East,Online,True,Cloudy,21.0986840616108,51,Online Order,41.7305752879237
4775,20104,71434,64606,2,West,Credit Card,True,Sunny,32.1847599907117,22,In Store,31.6938482164766
7016,24475,56942,62800,4,East,Credit Card,True,Cloudy,27.15434218268169,41,Phone Order,32.0336150643789
9492,43626,90718,44471,3,South,Credit Card,False,Cloudy,31.2996939781888,49,Online Order,24.1610269895862
7745,28242,34382,67818,4,West,Cash,True,Sunny,30.7448801521404,20,Online Order,20.6054364013414
7406,64438,25175,71275,2,North,Cash,True,Cloudy,30.040781355048,59,Phone Order,23.1244577982462
5484,35427,81497,32166,2,South,Cash,False,Sunny,27.1548787306726,58,Online Order,36.4820314202026
5069,55188,97473,21783,1,North,Online,True,Rainy,29.6341724526067,33,Online Order,5.77851415380963
3190,81092,25020,71223,5,East,Cash,True,Sunny,20.5754233218196,32,Phone Order,39.3339032122002
6907,90227,85839,23889,4,East,Online,False,Sunny,29.3219663398517,15,Online Order,38.6050723005653
9507,61714,27852,11935,1,North,Credit Card,False,Cloudy,31.6681655830531,39,Online Order,15.9758710484631
6777,45390,84343,51146,5,North,Credit Card,True,Rainy,27.5053754057658,41,Phone Order,73.0476694601939
3024,53470,70780,20879,4,South,Cash,False,Sunny,25.3626999264085,21,Online Order,44.9566342749113
7839,99868,36604,43119,3,North,Credit Card,True,Rainy,24.1614010220146,58,Online Order,49.1581022666269
7748,86231,30742,24777,4,West,Cash,False,Rainy,29.6420307524312,56,Online Order,56.5778606994141
4770,89717,93827,58546,2,West,Online,True,Cloudy,30.3920179794486,43,Online Order,36.8812239897165
5080,78399,85197,51624,2,North,Credit Card,False,Sunny,33.0645139979381,45,Phone Order,34.5408024741607
5576,16970,16555,57480,3,West,Cash,True,Cloudy,25.1350112369148,58,In Store,26.376612274014
7306,22958,78256,39423,1,North,Credit Card,False,Sunny,31.5465846107837,57,In Store,9.071578664513
4323,46220,26931,33988,5,South,Credit Card,False,Rainy,28.42033736284,50,Online Order,34.4017356844289
3793,68406,77311,64336,4,West,Cash,False,Sunny,33.2425473601711,33,Phone Order,40.2178835430473
3903,23755,55883,65098,2,West,Credit Card,False,Sunny,27.9171816244343,20,Phone Order,39.9863175615728
7913,99112,28356,12756,1,North,Credit Card,False,Rainy,27.7644474259695,39,Online Order,11.0862675292259
6894,90489,71171,78785,3,West,Credit Card,False,Rainy,27.15434218268169,45,In Store,24.9219795610097
7480,90336,19410,26921,2,East,Credit Card,False,Sunny,31.2397303271365,23,Online Order,32.8744865342665
6449,70293,19680,76983,3,South,Online,True,Cloudy,34.4703571824269,34,Phone Order,39.4111951558195
6164,69405,59139,41585,4,South,Credit Card,True,Sunny,21.1034503132364,24,Phone Order,28.9760869716171
4400,34115,36853,39330,5,West,Credit Card,False,Rainy,20.8015190358652,51,In Store,53.5517260870649
6899,74532,81737,78272,2,West,Cash,False,Cloudy,34.06325506111,41,Phone Order,22.4340914661803
5535,57219,13176,10688,2,East,Online,True,Rainy,27.948134382773,27,Phone Order,32.6148910170765
4404,78883,78222,52216,4,East,Cash,True,Rainy,29.223545218504,55,Phone Order,21.2402821335142
6989,40836,36799,70737,1,West,Cash,False,Cloudy,27.2363540239209,16,In Store,9.03529470197465
3461,75057,26047,73111,5,West,Cash,True,Rainy,21.4048617891121,35,Phone Order,63.8197225986641
4103,72132,43213,84940,2,East,Online,True,Rainy,31.5213406762799,47,Online Order,18.0654022735853
1735,22368,38536,67766,5,North,Cash,False,Rainy,31.2083696763288,38,In Store,72.1325535564249
6692,72316,77859,30252,2,East,Cash,False,Rainy,24.6755498223921,58,Online Order,24.4560243782384
3835,91310,62077,20053,5,North,Cash,False,Rainy,24.593588678426,56,Online Order,52.1282691144685
1360,20317,56891,27249,3,South,Credit Card,True,Rainy,32.5676207135827,48,In Store,57.714388209173
1348,32059,10255,17866,2,South,Cash,False,Rainy,21.0853588661199,23,Online Order,28.9647849755937
6544,91705,87536,93771,5,East,Online,False,Rainy,33.2165772253484,16,In Store,34.7456029200955
7904,44369,51741,80855,1,North,Online,True,Rainy,23.8499253484387,44,Online Order,13.4013754616509
4671,39289,27917,59555,3,East,Credit Card,False,Sunny,28.8947712163324,36,In Store,50.1329333940405
3116,26142,34918,83127,3,East,Online,True,Sunny,27.15434218268169,25,Phone Order,46.8820363871758
6497,70995,96866,42132,1,North,Online,True,Rainy,30.1718375230496,57,Phone Order,7.58133843942889
9371,81157,71677,16978,5,East,Credit Card,True,Sunny,26.2164471870055,31,Online Order,97.9314999280077
8898,39642,60857,22248,4,South,Cash,True,Cloudy,30.3430131335812,50,Phone Order,46.9288187447963
5040,64204,70231,34355,1,West,Credit Card,True,Sunny,25.1596945447455,27,In Store,7.38537505610391
5028,43578,68139,89472,5,West,Cash,True,Rainy,24.1588762452377,21,Online Order,38.514681559611
7104,50509,24004,75468,1,East,Cash,False,Rainy,34.9502491690201,30,Phone Order,6.4735248828362
9577,62823,48311,47049,1,North,Online,False,Sunny,31.2618534676968,47,Phone Order,17.052771626524
9819,89542,95899,67223,2,North,Credit Card,False,Rainy,29.6707996607272,59,Online Order,13.6609148296554
5413,59621,14705,30506,5,South,Online,True,Cloudy,25.3293446482897,15,Phone Order,34.384394285631
8682,60427,65160,63273,4,North,Online,False,Cloudy,20.7374124373257,25,Phone Order,71.0282968856502
1927,68691,77468,98363,2,North,Cash,True,Rainy,20.4658531405273,20,Online Order,20.3381225334267
3817,10286,17678,19737,1,South,Online,False,Cloudy,28.3127188317319,34,Phone Order,5.46286856462108
8329,22295,80375,66386,1,East,Credit Card,True,Cloudy,31.4304908155857,49,Phone Order,5.77842949277616
1885,13493,63325,23929,1,West,Online,False,Sunny,28.0606878566578,58,Phone Order,7.13255670055843
3081,20550,49710,72244,5,South,Online,True,Cloudy,32.6117760790867,51,Phone Order,41.0045010981767
1547,29687,95504,99865,5,East,Cash,False,Sunny,20.5013979963983,55,Online Order,74.8859645678804
6483,69385,58490,30940,2,South,Credit Card,True,Rainy,25.5012811463891,40,In Store,14.7197884000548
1874,64690,61536,68520,4,East,Online,False,Sunny,23.5560558676126,26,In Store,27.1324634706243
3121,77408,46593,70218,2,South,Cash,True,Rainy,26.7090945223568,44,Phone Order,32.9415742442883
4447,60793,65025,65174,3,East,Online,False,Rainy,21.0856458979118,42,Phone Order,45.1974877736961
9712,92719,33922,86426,1,South,Credit Card,False,Rainy,34.311974623566,41,In Store,11.5298633218285
1503,50641,80891,11686,1,East,Online,False,Rainy,23.3488310160404,56,Phone Order,13.2396465722015
4338,97495,77074,51070,1,South,Online,True,Rainy,27.15434218268169,33,In Store,9.67976030489627
5525,54697,83205,82817,2,West,Cash,True,Sunny,26.3883973255502,19,Online Order,24.4750126070608
5733,45195,94061,84267,2,West,Online,True,Rainy,27.15434218268169,19,Online Order,25.2001794694823
1167,85817,88754,42895,1,North,Cash,True,Cloudy,27.15434218268169,55,Online Order,10.8085590676714
7443,16854,71157,74314,2,East,Credit Card,True,Cloudy,33.9624929626371,41,Online Order,37.1971663201648
4255,65744,21110,20016,5,South,Online,False,Rainy,20.0802348304133,42,Online Order,26.2046398735754
1327,60948,99265,81432,5,East,Credit Card,True,Cloudy,31.2235820927135,40,Online Order,83.6628447318434
2220,22244,92989,82550,2,West,Credit Card,False,Sunny,33.5457597965377,41,In Store,13.7314849372397
1763,24158,62420,24177,1,East,Online,False,Sunny,22.0958085046843,56,Phone Order,16.9632104080579
5777,46308,92101,38113,2,South,Cash,True,Rainy,21.4418877759822,35,In Store,28.4773574703016
7674,88245,57350,60273,2,East,Credit Card,False,Rainy,26.3685891077893,15,Online Order,35.298342728092
8575,40559,46686,18421,2,South,Credit Card,True,Rainy,34.005183591994,42,Phone Order,12.9254297692269
5863,93928,56226,74717,3,West,Online,True,Cloudy,28.1357984028565,29,Phone Order,40.1541285344898
5183,44458,70581,92145,5,West,Online,True,Cloudy,27.15434218268169,31,Online Order,62.5815910196647
2789,65111,88161,28101,4,West,Online,False,Sunny,22.1168917744898,40,Online Order,62.3715909778015
1511,58350,34487,81030,4,North,Online,True,Cloudy,20.0118426663982,34,Online Order,52.0574331136205
6345,20917,28580,66796,3,West,Online,True,Sunny,32.1521013611819,39,Online Order,39.3330555209896
4501,80960,10333,16119,2,East,Online,True,Cloudy,21.3136184447935,27,Online Order,22.8878783072819
9512,81319,81937,20154,3,North,Cash,False,Sunny,29.5077472810298,47,Online Order,28.8975490803303
6575,30659,58497,47559,3,West,Credit Card,True,Rainy,27.15434218268169,39,Phone Order,36.7018962563486
3844,95070,65450,38737,1,East,Cash,False,Cloudy,23.1297786973764,22,Online Order,6.777385381526
6591,13812,16603,35045,5,East,Cash,False,Sunny,29.9790925435536,19,Online Order,97.1135004237313
1466,31861,56250,56828,4,East,Online,True,Cloudy,21.1804786506126,20,Phone Order,62.8646458175959
6012,75265,96044,16418,2,South,Credit Card,False,Rainy,29.0563271575641,37,In Store,38.5740135006354
9872,15649,18694,43725,4,North,Cash,False,Sunny,22.458975814298,44,Online Order,33.6036429397977
3693,27138,16686,95640,4,East,Online,True,Cloudy,31.0393034077276,28,Phone Order,72.7604612105916
6584,28488,65731,64787,5,South,Online,True,Cloudy,24.5184694219086,37,Phone Order,85.6592488422653
7008,40633,93481,23223,4,West,Credit Card,True,Rainy,26.9508651320696,25,In Store,60.6291447474604
2767,20933,15526,18583,4,East,Cash,False,Rainy,28.9914581304143,45,Online Order,57.5017511651123
2841,25410,74663,86997,3,South,Cash,True,Sunny,22.5691011599935,20,Online Order,29.2447349370541
1960,11649,50083,50278,5,East,Cash,False,Cloudy,31.1245672792643,25,Online Order,86.2308088723773
1302,62942,62453,85008,1,North,Online,False,Cloudy,24.5396051095522,27,Phone Order,12.522731922196
2359,91224,85891,36071,2,North,Credit Card,False,Rainy,29.9355778986913,26,Online Order,12.1267472767385
8695,65703,43851,56542,4,West,Credit Card,False,Rainy,22.3742457604906,16,Online Order,38.7717896513078
9208,84587,92958,21620,2,East,Cash,False,Sunny,30.3217648880952,49,Online Order,38.0589129563598
3758,28392,97377,96368,1,South,Online,True,Cloudy,21.9228210921569,50,Online Order,17.7602039090726
9574,77647,93351,47715,2,West,Cash,True,Cloudy,26.3803474440497,31,In Store,39.4571709422961
6896,41290,10923,98502,1,East,Credit Card,False,Sunny,23.7080911060831,42,In Store,14.4199007390614
7751,26224,37131,77272,3,West,Online,False,Sunny,31.2256287414227,42,In Store,26.1379532913185
8620,46113,78112,45791,4,South,Cash,True,Rainy,23.9305250676031,36,Online Order,29.7689029806118
5905,93181,17436,26006,1,West,Cash,True,Rainy,33.2257595959309,52,Online Order,7.80371660912692
2545,27858,96175,80654,2,West,Online,False,Sunny,33.3773031710991,21,Phone Order,10.5938697504176
5970,52554,95893,30513,4,West,Credit Card,False,Sunny,22.9466197283417,29,Phone Order,43.4409266591563
6452,37802,16838,30847,3,East,Online,True,Cloudy,29.2076891751158,46,Phone Order,23.6142456224794
1142,66337,23484,34543,4,South,Cash,True,Sunny,21.3157646257994,25,Online Order,44.6993276274021
5130,12303,66602,68328,1,North,Cash,False,Sunny,25.8730564940244,38,In Store,19.0249164775814
2514,73126,57046,61177,3,East,Cash,True,Cloudy,30.699825942519,17,In Store,34.3743094278235
2774,40535,67815,43157,2,North,Cash,True,Sunny,27.15434218268169,44,In Store,36.339534909545
4541,30232,30845,90281,3,North,Credit Card,False,Rainy,29.3705100410991,20,Online Order,42.2477144977144
4821,36806,31431,43677,3,East,Credit Card,False,Rainy,24.2381129549366,16,In Store,26.1209199597626
8028,50193,10042,35665,5,East,Cash,False,Cloudy,25.670374241516,28,Phone Order,51.6891069444408
2176,38249,79857,70790,3,South,Credit Card,True,Sunny,21.5441921705042,55,Phone Order,18.7763791119643
3477,57127,48622,75537,3,South,Credit Card,False,Rainy,30.785342306504,32,In Store,30.0058167118204
7741,66238,31491,25599,4,West,Credit Card,True,Rainy,27.5583319518691,58,Phone Order,60.652456730212
7703,94511,18044,15863,2,North,Cash,False,Rainy,30.6314844851848,45,In Store,12.163332787883
7249,51818,47466,62477,4,South,Online,False,Rainy,23.734152871953,27,In Store,32.3240845086817
3895,65490,25310,70291,4,West,Online,True,Sunny,24.8665734295259,40,Phone Order,42.8864624847986
6151,56633,95419,16032,1,South,Online,True,Sunny,25.0132300589017,58,Phone Order,19.7307430552394
7127,85733,68224,72671,4,East,Cash,False,Sunny,20.3861361462082,26,Phone Order,67.0917093775328
4860,68952,13538,14310,5,South,Credit Card,False,Sunny,25.1157180924593,32,Phone Order,80.0115059869077
1361,33423,61935,18245,5,North,Credit Card,True,Rainy,32.0495686027705,23,In Store,33.7143217394084
5943,54002,46476,78189,1,South,Cash,False,Cloudy,33.459477436246,35,Phone Order,16.7149384042248
8782,69997,84555,51259,2,North,Cash,True,Cloudy,27.7732747345389,54,Phone Order,33.5580643454804
2057,73022,75347,86916,2,East,Online,True,Rainy,26.8325254282883,57,Online Order,28.0330808687298
1246,83954,18401,57343,4,North,Online,False,Rainy,20.4623692804905,38,Phone Order,79.4217069199023
9005,60211,10146,70754,4,South,Cash,True,Cloudy,33.1880650637807,48,Phone Order,39.5152343554731
9449,12836,57054,54179,4,West,Online,True,Cloudy,27.15434218268169,22,In Store,76.4763468945111
5198,68043,46439,24682,2,East,Credit Card,True,Rainy,34.1712512031531,58,In Store,37.4419334486951
5461,77990,62426,21286,3,South,Cash,False,Rainy,27.3382437303213,47,Online Order,15.516629688722
8910,97154,56995,94161,5,East,Cash,True,Sunny,25.1290174036209,37,Phone Order,58.7587394856108
7987,16702,19225,55530,3,East,Credit Card,False,Sunny,33.8632765226399,27,Phone Order,58.9696904873208
9407,52876,84004,21045,3,South,Credit Card,False,Cloudy,20.3658648966514,28,Phone Order,19.6404613083634
8633,55614,41314,22601,2,South,Credit Card,False,Rainy,28.7213734230363,28,Phone Order,26.4335408314995
1996,38186,26062,22359,3,West,Online,True,Cloudy,28.23398786749,30,Phone Order,59.0530878168496
6034,95471,76124,83273,1,East,Cash,True,Sunny,23.2898060181707,52,Phone Order,13.3324313615879
4226,66626,27984,52753,4,East,Online,False,Sunny,26.4333114702531,53,Online Order,31.3889181783293
1797,18757,36389,23393,1,South,Credit Card,False,Cloudy,29.7839600891565,40,Phone Order,13.7327484513888
9032,48624,67935,96470,5,North,Online,True,Sunny,30.9069679532289,40,Phone Order,40.333043046216
6464,46019,58928,71086,4,South,Credit Card,False,Rainy,20.0107528805986,15,Phone Order,51.182255773669
5423,50011,36200,48704,3,East,Online,False,Cloudy,27.15434218268169,46,Online Order,18.3318998060556
3256,99393,23311,85450,5,South,Online,True,Rainy,22.4678805858921,29,Phone Order,70.4112001910803
6133,47565,57660,96218,4,West,Credit Card,False,Rainy,23.5037065133353,35,Online Order,51.0073963476894
4692,35609,90487,76532,3,North,Online,True,Sunny,23.9521016854077,32,In Store,48.3072615942658
7819,61876,52593,77702,1,South,Cash,True,Rainy,20.5673020482805,44,Phone Order,14.4605070673817
1380,71045,77555,32260,4,West,Online,False,Cloudy,21.8457818538548,27,Online Order,52.9763761118454
6418,77419,77583,22319,3,East,Online,True,Rainy,34.7952488441624,38,In Store,46.0400482161654
7570,60630,61708,29575,1,South,Cash,True,Rainy,24.7282510606592,44,Online Order,7.15912870358346
5222,73263,13897,18399,5,East,Credit Card,True,Rainy,21.7295163550857,16,Online Order,69.6519745943953
4342,29846,32306,11146,5,West,Cash,False,Rainy,21.6048689176193,33,In Store,37.9082952117083
1197,26392,67256,87444,5,East,Online,False,Rainy,30.7918995150495,58,Phone Order,94.414165588891
6253,14219,72158,52643,5,West,Credit Card,False,Sunny,32.8185299604896,39,Phone Order,30.1250578634203
8521,87501,93319,97804,2,West,Online,True,Cloudy,23.854284492627,28,Online Order,22.9112424907237
9832,32231,81863,85120,4,West,Online,True,Sunny,20.3136426850285,20,In Store,61.7478486593266
7534,83525,66188,51716,4,South,Cash,False,Cloudy,23.3463502766803,26,Phone Order,47.4813327000955
4578,14556,81127,12839,2,East,Cash,False,Cloudy,27.15434218268169,34,Online Order,12.762857596987
4614,28239,48988,15800,3,East,Credit Card,True,Cloudy,21.5509240494506,37,In Store,39.9020557257018
7811,77148,65832,64288,3,North,Credit Card,False,Cloudy,27.15434218268169,44,Online Order,43.8734358972309
2689,80464,96808,63752,5,North,Credit Card,False,Cloudy,23.4487755629244,44,In Store,77.784423324288
6056,50568,40731,42276,1,North,Online,False,Rainy,27.7391881778813,52,Phone Order,10.5988972169413
8901,90311,37061,94286,3,North,Cash,False,Sunny,27.15434218268169,44,Phone Order,40.3646986962943
2367,93511,97129,68199,1,East,Cash,False,Sunny,34.1080595165442,55,Online Order,11.7602971240836
6388,29884,59330,40864,4,West,Cash,True,Rainy,33.5891595188939,44,Phone Order,60.3233623251352
9482,45746,16218,36385,1,West,Credit Card,False,Cloudy,28.5020915751569,50,Phone Order,13.7533545098722
8372,21043,82136,31789,4,South,Cash,False,Sunny,25.3163598798107,48,In Store,51.545373173548
5976,46196,56768,10154,2,West,Cash,True,Rainy,25.717203230521,30,Phone Order,17.4857310051474
6337,58910,62301,35740,2,East,Cash,True,Rainy,26.1777842471674,38,In Store,10.060555532447
3440,68746,30421,82597,5,East,Credit Card,True,Sunny,30.9136898320241,28,In Store,38.0561256483571
2313,65693,94120,50377,3,East,Cash,True,Sunny,26.7745849327825,40,Online Order,20.2679718640875
4817,28013,12900,59144,5,South,Credit Card,False,Cloudy,32.8509491975884,22,In Store,58.681355875821
5221,87799,90712,87745,4,North,Cash,False,Cloudy,34.1614217889554,28,Phone Order,56.7354890457106
7625,16462,59626,43105,5,West,Cash,False,Sunny,25.039192300684,45,In Store,40.9813756513606
3930,27716,69430,33877,1,East,Cash,False,Cloudy,28.4104172206352,16,In Store,19.0858564395078
9116,26499,92871,40333,4,East,Credit Card,True,Rainy,21.4258480524884,18,Online Order,20.4009277534332
9834,50134,89056,55485,2,North,Credit Card,True,Cloudy,23.0070357164953,15,Phone Order,33.1690304549602
2103,32383,71396,10795,3,East,Cash,False,Cloudy,26.2019865006524,34,Phone Order,43.1342146288699
9058,12565,77231,85670,4,West,Online,False,Rainy,23.0930407385266,28,Phone Order,42.4132880628609
1972,35732,27587,19025,4,South,Credit Card,False,Cloudy,33.1484073618307,54,In Store,23.0293366647444
2723,82606,22296,98687,1,East,Credit Card,False,Rainy,22.3742938408864,39,Phone Order,14.4122985767641
8262,47734,32177,14738,3,West,Cash,True,Cloudy,26.8349123232963,39,Phone Order,32.3526080789541
5040,36451,14166,40802,2,East,Online,False,Sunny,29.0854886068981,17,In Store,38.0880141823965
9479,87840,20250,12903,4,North,Cash,True,Cloudy,30.3779586224126,19,Online Order,52.5194044933859
9719,37870,74023,42110,4,East,Credit Card,True,Sunny,25.7460405458976,52,Online Order,76.3790906776104
9587,15847,21778,63295,1,East,Credit Card,True,Sunny,33.0364860308709,40,In Store,8.30725540209956
4233,94199,30390,86947,5,South,Cash,True,Sunny,28.5247872661688,54,Online Order,79.4294432773077
3186,90773,35018,97501,2,North,Cash,False,Sunny,26.5926167067132,52,Online Order,28.5174706254617
6417,35710,70290,70354,3,North,Online,False,Sunny,21.0086095107805,52,Online Order,48.273370342409
4004,31405,83747,37012,4,South,Online,False,Rainy,26.9703420266774,18,Phone Order,32.8800718383522
4920,66457,53241,39445,4,East,Credit Card,False,Rainy,32.3110376122359,21,Online Order,59.8996709742664
9549,79603,37832,98405,2,West,Online,True,Rainy,29.2181152733197,44,Phone Order,24.941211791706
1013,40472,85324,10666,5,North,Online,True,Sunny,32.4824368059367,44,Online Order,80.7118731179737
9332,46277,90903,96889,4,North,Credit Card,True,Cloudy,27.4101750589895,33,Phone Order,39.622678649109
5374,71761,29837,59414,2,East,Credit Card,False,Rainy,21.7769255764172,53,In Store,36.7017107639575
6675,92729,48211,12099,1,East,Credit Card,True,Cloudy,27.15434218268169,49,In Store,6.26451971917025
5059,78324,89301,88619,5,North,Credit Card,True,Cloudy,24.5482932007788,54,Online Order,85.5391989093391
4708,12181,48557,31063,3,East,Cash,True,Sunny,30.4698570724668,47,Phone Order,53.759383161679
1750,86513,94372,43819,4,West,Credit Card,True,Sunny,31.8538985591254,47,In Store,69.0351386820092
4622,52987,17412,25302,2,North,Credit Card,False,Sunny,24.4362925193049,28,In Store,25.3817918278532
3550,13356,85934,74562,1,West,Credit Card,True,Rainy,27.4348088132487,52,In Store,11.5757747004614
8680,83630,35570,25633,3,West,Online,True,Sunny,26.3167835665112,24,In Store,59.8318028936194
1220,65388,22884,71658,2,East,Credit Card,False,Rainy,26.1578417652714,42,Online Order,16.8751585364248
4568,31911,38327,34207,2,West,Cash,False,Rainy,23.4702306980022,28,Phone Order,26.4062789762813
2456,47695,49671,37307,3,East,Cash,False,Rainy,27.15434218268169,50,In Store,45.1803986422046
8232,73279,69129,80320,1,South,Credit Card,True,Rainy,22.9503283734681,52,Online Order,15.5130145379214
4008,44151,63854,25576,1,East,Cash,True,Sunny,20.8299858074501,30,In Store,8.06036998607868
1985,33066,59910,66972,5,West,Online,True,Rainy,27.15434218268169,35,In Store,74.049556925485
4054,57778,17997,19810,4,South,Credit Card,True,Sunny,20.1380134643806,42,In Store,69.1021739888802
5681,54966,60577,98983,3,East,Cash,False,Sunny,29.4088760095396,47,In Store,17.25083595695
6795,84338,28757,13299,3,West,Cash,True,Rainy,24.7456311108152,20,Online Order,56.0184581996392
4013,57683,53348,82142,3,North,Credit Card,True,Sunny,34.5971706714036,55,Phone Order,16.3276824815342
7483,32060,12308,97538,1,North,Cash,False,Cloudy,22.9057557616444,29,Online Order,10.3395654873259
2156,93828,87885,77671,4,East,Credit Card,False,Sunny,25.1874285546439,58,Online Order,20.9487917739777
3834,13078,60564,51482,5,East,Cash,False,Sunny,25.367617379623,17,Online Order,30.7858876404686
8903,53689,98811,28649,2,North,Online,True,Rainy,20.1267724409369,57,In Store,37.3350485554023
4083,10727,73748,15699,2,West,Cash,True,Rainy,32.5881192955918,49,Phone Order,20.6458249223844
7298,30061,83170,15783,3,West,Cash,True,Sunny,20.4799169021648,28,In Store,34.1147188691273
7290,30426,73061,25338,4,West,Credit Card,True,Rainy,34.1026975209386,16,Online Order,32.9206628829531
5180,14679,20876,96182,1,East,Cash,True,Cloudy,33.3811152664043,43,In Store,13.9564365528007
4202,21016,48675,92882,4,South,Credit Card,False,Cloudy,28.0328287412894,18,Phone Order,55.6881928806673
4500,86527,56196,30234,4,South,Online,False,Rainy,28.1539336236693,40,Phone Order,42.3320235095131
5823,40610,62809,76089,1,South,Credit Card,True,Sunny,29.8066688443423,26,In Store,9.99552307708097
7193,86309,19145,54979,3,South,Credit Card,True,Cloudy,25.8057501790233,16,Online Order,54.8233938681264
9655,28988,44124,83761,4,South,Cash,True,Cloudy,29.7083342509678,31,In Store,42.997054378532
7180,46238,91378,35996,2,East,Online,True,Sunny,20.6715258303273,49,Online Order,24.8050297646322
9704,82422,83747,77706,1,East,Credit Card,True,Rainy,20.8107144102459,24,Phone Order,9.24957143637395
9655,56942,43072,43118,5,South,Cash,False,Cloudy,26.8584562942931,36,In Store,84.0077127517845
1307,61831,80599,89048,3,East,Cash,False,Sunny,28.2443345165905,55,Phone Order,32.8851670604591
2579,50637,35430,81118,1,East,Credit Card,False,Sunny,33.3172646050372,57,Online Order,12.7041656981648
3274,24527,63960,75485,5,South,Cash,True,Cloudy,21.5699095086184,35,Online Order,44.0017877544746
3421,17860,12780,53710,5,West,Credit Card,True,Rainy,32.3397189079083,29,In Store,99.0744694255938
8404,39976,24858,19235,4,East,Credit Card,False,Cloudy,23.150710059381,49,In Store,37.4897444554233
5969,24809,68849,72595,4,West,Credit Card,False,Sunny,27.15434218268169,35,In Store,66.2445518543331
8519,79650,77981,64816,4,East,Online,True,Cloudy,24.7490365224111,35,Phone Order,45.6497390214055
4100,18903,59489,34005,1,East,Credit Card,False,Rainy,26.0023290929809,35,Online Order,8.09326107626209
2775,18096,39383,82942,1,South,Cash,False,Sunny,22.2574324710887,58,Online Order,16.9957814594729
8112,25065,37675,41422,3,East,Online,True,Rainy,27.5535511160533,46,Phone Order,30.0123055063069
9268,67159,96681,52107,4,North,Cash,False,Cloudy,32.0246388474705,19,In Store,71.9116008438686
6537,60547,94574,72721,5,North,Online,False,Cloudy,26.6230101556834,53,In Store,93.6442888688367
3807,13223,81202,30397,2,South,Online,False,Rainy,27.3592036384729,23,Phone Order,35.7947150617382
9430,88892,33031,31077,3,West,Online,True,Cloudy,32.7315137792197,32,Online Order,16.5753561663062
8037,89348,15436,85590,1,West,Online,False,Rainy,30.5908717195704,35,Online Order,16.8106001750765
6647,99741,29220,95674,3,West,Cash,False,Cloudy,27.3568161277967,22,Online Order,33.5102759924614
4743,11504,64461,31329,3,North,Credit Card,False,Rainy,23.8654347228376,58,Online Order,54.3175314082001
9796,62061,99456,21443,3,West,Cash,True,Rainy,33.2739012026745,48,Phone Order,43.7079418208132
6941,57915,80498,98122,3,West,Credit Card,True,Sunny,28.6553060253583,24,Online Order,52.5139410364781
9215,94760,82977,63827,2,South,Cash,False,Sunny,23.3172141516604,55,Phone Order,24.982953096005
8644,67267,49313,82620,4,West,Online,True,Rainy,24.0367962895701,38,In Store,52.1015302759359
8492,80874,28846,46765,5,North,Online,False,Cloudy,32.0469963340436,54,Phone Order,35.829072410025
7945,44488,32965,54691,3,North,Credit Card,True,Cloudy,20.6621834313118,38,Online Order,50.279431141021
1092,14055,62353,44054,3,North,Credit Card,True,Cloudy,34.8813828054323,46,In Store,33.8725325250137
5602,19530,37803,84339,3,South,Cash,False,Rainy,21.9552751957218,47,Phone Order,37.5036053222212
8407,64341,67639,65526,4,South,Credit Card,False,Rainy,31.941027880954,52,Phone Order,67.1058628457424
8114,89050,68567,48812,1,East,Cash,False,Rainy,27.15434218268169,58,Phone Order,13.9826810011915
9729,10828,83441,67062,1,West,Credit Card,True,Rainy,27.383242749312,48,In Store,8.01648091164001
5146,89078,62768,99748,2,South,Credit Card,False,Sunny,33.2097586619686,25,Phone Order,27.7069797745267
8665,83619,24801,18334,1,North,Credit Card,True,Rainy,26.1936678438382,45,Online Order,11.1144928696948
2352,29924,34377,54015,3,North,Online,True,Cloudy,28.0624063050985,32,In Store,36.1286493919738
1374,81981,95575,31283,3,South,Online,False,Sunny,20.7394949361375,37,In Store,16.27400734812
3293,23908,42987,30670,3,South,Cash,True,Cloudy,20.0352121080117,36,Phone Order,24.4513207282326
8282,48751,12458,12528,2,South,Credit Card,False,Rainy,23.6719980950258,57,Online Order,18.4311424414308
7502,49608,20636,24951,3,East,Cash,True,Sunny,30.2087463937815,32,In Store,47.0832003536462
5233,30163,42305,86058,1,North,Credit Card,False,Rainy,21.818973400387,54,Phone Order,5.17238709947173
1756,70221,81309,28637,4,East,Online,True,Sunny,21.7064293820682,55,Online Order,44.5266356737479
1040,99175,77138,55611,4,East,Online,True,Cloudy,26.1644091205385,53,Phone Order,75.4416122255439
5658,53365,65646,88966,5,West,Credit Card,False,Rainy,29.7175555791234,34,Phone Order,33.3910462411842
6598,27645,43140,94483,1,North,Credit Card,True,Rainy,30.6810798837189,27,In Store,12.7463658232791
8696,87665,94099,38985,3,North,Online,False,Sunny,22.6767601114756,59,In Store,50.3935072075881
4789,93323,56977,96586,4,South,Online,True,Sunny,21.1938222105806,15,Phone Order,76.551878451207
2316,76232,13455,19697,1,South,Cash,True,Rainy,34.1059555091831,18,In Store,16.2016495930057
6195,55396,81487,83106,4,West,Online,True,Sunny,23.9099957384315,38,In Store,63.2339329186643
4777,48399,43899,24758,3,East,Credit Card,False,Rainy,32.8001974641308,50,Online Order,52.1919640588093
2751,48488,64613,10265,4,South,Cash,False,Sunny,32.9523717569422,50,Online Order,46.7720732586526
5082,75669,94412,10868,5,South,Credit Card,False,Cloudy,31.5878388764381,59,Phone Order,85.4383399463374
2687,90940,29881,74957,5,North,Cash,False,Sunny,22.5325040997885,16,Phone Order,25.5973303559088
9895,37041,17549,38329,4,North,Credit Card,False,Cloudy,32.327021888813,42,Phone Order,75.4736633226083
9585,50754,16396,57109,1,South,Online,True,Sunny,31.5387583886238,40,Phone Order,11.6495976427576
8623,79159,57598,94093,1,North,Credit Card,True,Sunny,28.9508448515932,37,Online Order,13.3007028179862
9685,29647,92277,59368,1,West,Cash,False,Rainy,25.0580305275342,29,In Store,8.82323373372323
5762,64622,33048,71524,4,South,Credit Card,True,Sunny,23.9376290639981,50,Online Order,64.5518499704252
7915,37364,12570,62680,1,North,Cash,True,Sunny,21.8283381812053,41,Phone Order,6.14953709712873
3268,54625,88978,98667,3,West,Credit Card,True,Cloudy,27.646356003513,20,Phone Order,54.2686111146075
9476,17776,44969,38381,5,North,Online,True,Sunny,28.7789131326477,49,Online Order,87.1087621754757
7409,34620,68892,49416,3,North,Online,False,Rainy,25.3900848577368,53,Online Order,24.7227052310144
3124,89562,46368,12335,1,North,Credit Card,True,Cloudy,27.130386015213,52,Phone Order,17.1398659742789
6009,53638,81848,15560,3,South,Credit Card,False,Rainy,25.452716860539,49,In Store,50.3860979877666
7635,45054,22003,22703,1,East,Credit Card,False,Rainy,29.6150908598105,50,Phone Order,14.4832489663092
5284,76660,82630,50166,4,North,Cash,True,Rainy,33.5188881169484,24,Online Order,42.4112106139812
5307,35371,23201,65963,3,West,Credit Card,False,Rainy,22.4588039307041,44,Phone Order,27.217443938184
6240,83728,65621,51952,4,South,Credit Card,True,Cloudy,25.7211321485468,55,Phone Order,33.907015417361
2696,22566,30350,42196,4,South,Cash,True,Sunny,22.1130290592629,52,In Store,39.1165377658164
1823,95443,91778,57281,2,West,Online,True,Rainy,27.15434218268169,43,Phone Order,37.1067533029759
4460,28040,97421,56313,1,North,Credit Card,False,Cloudy,27.15434218268169,57,Phone Order,6.16461163983171
6439,15051,35199,45200,5,East,Credit Card,False,Rainy,33.9786909889618,53,Phone Order,87.1653457189719
6272,22914,93344,18596,1,North,Online,False,Sunny,24.1830788939144,18,Online Order,10.2333511256273
5009,46232,39182,73955,5,West,Online,True,Cloudy,34.2531680879814,19,Online Order,64.1199547008518
4162,87396,20214,61959,1,South,Cash,True,Cloudy,20.9489400773101,18,In Store,16.9172845047273
9267,55754,68175,64891,4,East,Credit Card,True,Sunny,29.0452079504688,50,Phone Order,73.0625928213782
7520,84154,84043,57510,3,South,Credit Card,False,Cloudy,20.8569907901499,59,Online Order,30.5151639032691
6687,42311,67527,14658,3,West,Cash,True,Sunny,27.15434218268169,30,In Store,35.7829566573799
1603,50974,14098,13627,2,North,Online,True,Cloudy,27.9471358560508,39,Phone Order,22.4354819445037
9205,95246,27879,12993,5,East,Cash,False,Cloudy,30.0402252614419,28,In Store,25.9938275127932
7289,70406,41614,73724,5,South,Online,False,Sunny,32.4736088886567,25,In Store,47.1957166643992
7272,79915,21307,52851,5,South,Cash,False,Sunny,22.2546593372595,43,In Store,59.4391925299421
8074,52813,43385,14556,4,South,Online,True,Cloudy,20.578873429072,48,In Store,44.6656165328263
4283,85900,40864,28797,5,North,Cash,True,Cloudy,33.1832171886927,36,In Store,79.1446920636759
2058,14018,40124,85907,3,East,Online,True,Sunny,24.7239984118839,28,In Store,32.3161627749496
1720,20702,22121,17495,4,North,Online,False,Sunny,21.9346836189074,38,In Store,49.3625869382402
1504,51551,21031,81325,1,North,Online,False,Cloudy,27.0269185563063,53,Phone Order,11.4441288819854
8784,12837,31012,28779,5,North,Online,False,Cloudy,28.9745911354402,40,Phone Order,80.5469611670777
9201,87168,82387,61217,5,West,Online,False,Cloudy,20.4645590513376,57,In Store,89.7229299240222
5895,64416,70728,72216,1,West,Credit Card,True,Sunny,24.1234348738563,50,Phone Order,12.9783361851127
4367,22611,99745,80376,5,West,Online,True,Cloudy,20.4919981141534,53,In Store,84.2074145646393
2317,86191,89308,16921,1,East,Credit Card,True,Rainy,26.3050308379324,30,Phone Order,9.45180023029776
5395,28358,32127,61939,4,North,Online,True,Sunny,33.4265004359936,52,Online Order,52.4821766094361
1595,29394,89657,49835,3,North,Credit Card,True,Cloudy,34.7397861724035,46,In Store,30.5353479151487
9016,65612,58997,64276,1,West,Credit Card,True,Sunny,29.5557133025544,20,Online Order,11.2130138835774
1615,26609,98762,15261,2,North,Cash,True,Rainy,22.4245654067688,48,In Store,31.97241594438
3122,43672,19249,32633,1,North,Online,True,Sunny,27.15434218268169,22,In Store,18.2249372349906
5719,80003,34947,27152,5,South,Cash,False,Cloudy,27.7437173480009,44,Online Order,34.1121543315824
7085,43079,18811,28178,4,North,Cash,False,Rainy,27.15434218268169,41,Online Order,58.0783553892428
6945,18644,20098,61112,4,South,Online,True,Rainy,33.8259000417749,21,Online Order,54.9286284546679
6983,87992,67258,21910,1,North,Cash,False,Cloudy,27.15434218268169,41,In Store,6.77622558763897
3376,87350,80733,58840,3,East,Online,True,Cloudy,30.9755790908472,39,Online Order,24.5352448698049
8565,72346,34839,92249,2,West,Cash,True,Cloudy,30.637710556916,55,Online Order,19.3300748419804
2167,41625,69687,77835,4,South,Online,False,Sunny,23.0050973164466,29,Phone Order,30.01586424905
9648,19626,17956,33491,5,West,Online,True,Sunny,23.1651003756128,39,Phone Order,43.2797111893256
5713,84858,44059,50794,5,South,Online,True,Sunny,30.3243949764088,36,Online Order,45.070059914628
2896,61205,90879,44982,3,South,Credit Card,True,Cloudy,23.2958412516559,32,Online Order,30.1053224867576
2465,74526,86597,28936,4,South,Cash,True,Cloudy,26.5800754520457,26,Online Order,64.9634271680695
2634,51424,49371,92900,1,East,Credit Card,True,Sunny,31.7300273839091,37,Online Order,13.578683057759
3685,12130,13989,84115,5,North,Cash,True,Rainy,27.15434218268169,59,Phone Order,98.9685003963551
9695,45557,15931,66924,3,South,Cash,True,Sunny,26.7989265878878,53,In Store,33.6631122135361
4328,33584,23481,53715,4,East,Cash,False,Rainy,31.8828490741286,39,Online Order,65.2319044302155
1269,60432,97884,81761,4,South,Credit Card,False,Cloudy,32.5793269429708,24,Online Order,72.288105282592
3850,52755,80068,22572,4,North,Cash,True,Cloudy,29.8216362692639,44,Phone Order,60.7387095822825
3234,35479,26449,72954,4,South,Credit Card,False,Sunny,23.4263877846263,24,Online Order,44.7118844250497
4652,88622,76601,61816,4,East,Online,True,Sunny,24.1101767057832,48,Online Order,65.2156778447451
1148,46486,69992,13039,5,North,Cash,True,Cloudy,27.15434218268169,27,Phone Order,40.2750353329513
3871,32063,95012,84284,3,East,Cash,True,Sunny,21.7520616160092,43,Online Order,29.7398474331059
8621,93163,11271,32816,4,North,Online,True,Cloudy,24.0973943055491,52,Online Order,52.8011153059573
7974,33558,24820,45767,2,North,Online,False,Cloudy,23.1427883646879,55,Phone Order,27.2622816185844
5887,32159,20440,13957,2,West,Cash,False,Rainy,26.829931247129,59,In Store,10.6642442641788
8611,27332,77163,87489,3,West,Online,False,Sunny,33.6265632180839,23,Online Order,57.5301384940204
2887,59647,37143,81714,1,West,Credit Card,False,Cloudy,21.5672047513093,27,Online Order,15.4494090682608
1530,16942,28173,32599,1,North,Credit Card,True,Sunny,30.8040188592109,51,In Store,12.4355562534783
7801,96638,16171,23650,1,South,Cash,False,Rainy,30.3092450661969,28,Phone Order,18.9969085161246
3946,12519,44724,77917,2,East,Credit Card,True,Rainy,21.4363129799503,51,In Store,23.1728669575248
6386,87250,67296,26883,1,East,Credit Card,True,Sunny,33.838586073587,23,Online Order,19.7065335540555
9927,81433,45272,22981,5,East,Cash,False,Sunny,28.5270830323522,22,In Store,63.4213567932613
2558,52382,20845,24323,4,West,Online,True,Cloudy,25.4558828170352,53,Phone Order,26.8571461998787
3987,46346,28974,98000,2,North,Cash,False,Rainy,27.15434218268169,54,Online Order,32.9440291737783
1018,85757,97141,10887,3,West,Credit Card,False,Rainy,23.8604818760245,17,Phone Order,45.5503976285028
1512,83866,64401,61465,3,South,Cash,False,Rainy,27.15434218268169,54,Phone Order,49.7844024587514
5037,40874,57280,76359,4,North,Cash,False,Sunny,20.5956681135837,47,In Store,77.0865217235408
7447,85890,95274,35440,2,East,Credit Card,False,Cloudy,32.591120564139,46,In Store,33.2946790795305
9533,62989,35454,26709,1,West,Credit Card,True,Sunny,26.7225627053197,21,Phone Order,14.1700490332497
2135,96639,30597,89836,1,West,Cash,False,Sunny,29.5503937153691,33,Phone Order,17.8596335354126
6592,39326,36101,36235,5,South,Credit Card,False,Sunny,23.3185672971002,48,Online Order,75.4934829515898
9609,26571,62903,41429,5,South,Credit Card,True,Cloudy,30.1561056898767,28,Phone Order,55.6089292619442
3679,36689,78032,20380,1,West,Credit Card,False,Sunny,31.5836041383991,33,Phone Order,18.2842964636265
4200,98461,47827,42825,3,South,Credit Card,False,Rainy,27.0981978032659,40,In Store,24.9855207352967
4932,32708,71623,48683,3,East,Credit Card,True,Rainy,29.2659038609269,31,Phone Order,47.1588573708925
9796,29460,40965,49109,5,South,Credit Card,True,Rainy,26.8448888573359,42,Phone Order,91.1172591205567
9134,52194,51085,68828,4,South,Online,False,Cloudy,33.4113705388676,33,In Store,63.8789911821977
8928,12993,26848,55563,1,West,Cash,True,Sunny,27.4680377077147,41,Online Order,15.4591312858078
6382,88576,90392,94952,5,West,Credit Card,False,Cloudy,27.15434218268169,33,In Store,81.4478720553876
4347,54137,73666,71859,5,North,Cash,True,Sunny,32.0202808740537,47,In Store,59.8791436225483
3055,55370,16794,27534,1,North,Online,False,Rainy,27.15434218268169,21,Phone Order,18.1125602323553
9240,72512,38788,12329,1,West,Credit Card,False,Sunny,23.4512673778621,43,Phone Order,8.05154712704136
7635,47895,11066,18924,3,South,Cash,False,Sunny,26.0912319883965,57,Online Order,20.7323887200152
4101,30942,15012,51632,4,South,Credit Card,True,Sunny,32.3932606366283,19,Phone Order,37.1305268071107
1285,19449,38076,38932,4,North,Credit Card,False,Cloudy,23.4144880372908,44,Online Order,51.8946438064995
3762,99453,91820,35084,1,North,Credit Card,True,Sunny,27.8665451878662,57,Online Order,12.65842693114
9351,79265,88037,47756,2,North,Credit Card,False,Sunny,32.0914512194112,22,Online Order,34.6179627302976
2763,54506,18941,29761,5,East,Credit Card,False,Sunny,25.3021621269256,56,Online Order,55.3426492303013
4646,12144,29850,83607,5,East,Credit Card,False,Cloudy,29.6331445550404,26,Phone Order,61.3258319718631
9186,30391,28792,89280,1,North,Credit Card,False,Cloudy,23.6844736107322,56,In Store,5.20051524889093
6607,52470,57408,14319,2,South,Online,False,Cloudy,21.6391916805223,27,In Store,22.2921770932881
2521,46583,45902,85754,3,North,Online,True,Sunny,31.9157633763928,40,Phone Order,44.1498404827654
1387,81256,69450,19481,1,East,Credit Card,True,Rainy,21.4845293511306,32,Phone Order,5.23262495939888
6418,17717,36968,25534,1,South,Credit Card,True,Rainy,24.0707209261937,56,Online Order,9.21322947779365
3007,82634,59647,74164,5,East,Online,False,Rainy,32.8266413299616,34,Phone Order,40.5967269467042
1944,61492,93507,15599,1,South,Online,False,Sunny,27.15434218268169,30,In Store,5.62978143364382
6381,69284,77281,12228,1,East,Online,True,Rainy,34.5956802427124,51,Phone Order,12.188901348718
9693,63359,28958,29535,1,South,Credit Card,False,Rainy,34.6960150216079,17,Phone Order,7.72584939842234
4660,63484,46078,15989,5,South,Cash,False,Rainy,24.0241403068033,41,Online Order,80.7311154723535
5838,61755,48001,29864,3,South,Cash,False,Sunny,20.6146733337483,29,Online Order,53.1567547693506
1880,95534,80164,12678,3,South,Cash,True,Rainy,30.5759492630806,48,Online Order,39.5513332201116
3600,24405,81752,30096,1,West,Cash,True,Rainy,26.7647975397251,59,Online Order,19.7256101378171
1047,63991,26247,60150,5,East,Credit Card,True,Sunny,21.5112926593936,36,In Store,58.7858928602946
8068,34066,74017,62656,3,East,Cash,True,Cloudy,30.6128422846706,54,Phone Order,38.1015694601212
2053,10294,19895,44119,3,West,Online,True,Rainy,20.4676236366788,37,Phone Order,59.5147989280987
3482,16346,19395,67410,3,South,Online,False,Cloudy,33.0529503573836,18,Online Order,25.4196796184271
4131,12833,94433,39154,5,South,Cash,False,Rainy,22.0797879366995,55,In Store,95.6909454757678
4081,23365,28956,47014,5,East,Online,False,Sunny,21.9096781812008,37,In Store,28.2128166339334
8354,35826,75574,88228,1,West,Credit Card,False,Cloudy,22.6350844695287,23,Phone Order,11.6958033539479
5495,41816,44597,34046,4,South,Cash,True,Cloudy,34.4039953773809,38,Online Order,24.2002107279839
2968,94358,61856,10065,3,South,Cash,True,Cloudy,30.3975404038076,35,Phone Order,47.8155634311139
7134,89643,92839,88123,4,South,Credit Card,False,Cloudy,32.0205730319545,55,Phone Order,56.504536152801
8359,17465,92597,26495,5,North,Online,True,Rainy,25.9645247859912,30,In Store,77.9975697600697
6261,82305,18156,22533,5,West,Credit Card,False,Rainy,25.0446909125743,39,In Store,53.0860299976012
5072,47869,89151,17975,5,South,Credit Card,False,Cloudy,23.5172601017475,40,Phone Order,52.7111450523535
5715,50725,64729,80717,4,North,Online,False,Rainy,27.2097204246861,59,Online Order,22.7191567376536
1105,39707,40009,27328,5,West,Credit Card,False,Cloudy,28.2774310030125,23,Online Order,51.2458704647229
6173,69672,69907,24954,1,South,Online,True,Cloudy,29.4766226547913,29,Phone Order,18.9393260339308
7760,35290,61490,30395,5,East,Online,False,Sunny,23.8567775599804,53,Phone Order,53.4419902885336
7551,59236,80719,27003,2,North,Credit Card,True,Cloudy,34.2298112135448,47,Online Order,34.9410311866591
8404,57086,41834,52224,4,North,Online,False,Rainy,22.546377473107,15,Online Order,70.539530284996
5449,35503,36434,35623,2,South,Credit Card,False,Cloudy,34.4847976214961,19,Online Order,21.197234691377
7531,36603,31689,81334,5,South,Online,False,Sunny,20.2228418376125,23,Phone Order,72.3991510297141
5089,75471,64560,15871,1,North,Cash,False,Rainy,27.2168853772526,58,In Store,6.43057403409588
3804,41981,24597,80489,3,East,Online,True,Sunny,25.0005175717484,20,Online Order,19.6655361330424
8907,88816,51736,43177,5,East,Online,False,Sunny,26.7368512089537,42,Online Order,28.6493247746284
9987,84431,25751,24264,1,West,Credit Card,True,Cloudy,28.5599686847118,59,Online Order,13.7152264006266
6487,26772,13752,26600,4,South,Online,False,Sunny,27.15434218268169,40,Phone Order,45.5642586575658
9893,85803,92772,65383,2,East,Cash,False,Sunny,26.2227027545239,42,In Store,26.4409706999272
4727,47797,39078,44884,2,West,Cash,False,Rainy,30.9908512311996,54,In Store,25.6321957152516
7990,44528,58885,28511,2,East,Online,True,Sunny,30.2881441262969,29,Online Order,20.5060897327219
7823,11991,46469,31933,4,South,Online,False,Cloudy,27.15434218268169,20,Phone Order,60.6484048894083
7839,32166,43110,24486,1,West,Cash,False,Cloudy,23.7493847185924,41,In Store,16.3775282137458
3938,12301,43833,75623,4,West,Credit Card,False,Cloudy,29.1429276463109,52,Phone Order,20.8776955326605
1100,89668,84484,30729,2,West,Cash,False,Sunny,27.15434218268169,18,In Store,16.2172689930663
5582,47721,27538,26848,5,East,Cash,False,Rainy,25.5460671630903,25,Online Order,78.4926901062502
6920,63742,11292,88129,3,South,Online,True,Cloudy,27.2908631285402,35,Phone Order,32.3979077685225
9661,65108,98959,52280,4,West,Online,True,Sunny,27.15434218268169,44,Online Order,59.7490368164964
8651,60488,17458,96893,4,North,Cash,False,Cloudy,22.1276659642547,32,In Store,40.8177595840735
4982,17186,10179,78798,1,South,Credit Card,False,Cloudy,23.2070181599409,49,In Store,10.8613272849445
4394,46636,53527,90396,1,North,Cash,True,Rainy,21.582704696018,17,Online Order,7.38018310534527
9345,50707,85281,32236,4,North,Cash,False,Cloudy,27.15434218268169,26,In Store,35.4938611799696
9095,56734,59803,96904,2,West,Credit Card,True,Rainy,29.9109108966372,41,Online Order,28.1623527252276
3497,74983,61595,33918,3,West,Cash,False,Sunny,34.259095573698,44,Online Order,34.4923400091824
5337,65502,29358,12791,1,East,Cash,False,Cloudy,30.9451762047086,35,Online Order,16.6145402441689
8812,43546,72517,85148,2,East,Online,True,Sunny,20.7806875813419,52,In Store,35.5775486481502
3780,56500,19257,93942,5,East,Credit Card,False,Sunny,33.2636776089343,35,Phone Order,65.623481366257
6537,49907,98238,87059,1,South,Online,True,Sunny,32.9401274441858,52,Online Order,16.3740093808408
2362,33898,34996,90222,2,East,Online,True,Cloudy,26.6498048115904,54,Phone Order,19.2071353958371
2294,34062,83866,93300,2,North,Credit Card,True,Rainy,28.7879457579188,29,In Store,22.4491364620023
2617,86741,42059,30316,3,East,Credit Card,False,Cloudy,34.6411749870877,32,In Store,47.0749954297573
6040,60567,70976,31997,3,West,Cash,True,Sunny,27.9845654577224,43,Phone Order,32.3795396767663
2419,55441,95639,95055,5,East,Online,True,Rainy,33.5798274256413,52,Online Order,69.1378701369241
8533,31200,60059,20645,2,South,Credit Card,False,Sunny,21.2455813671527,35,In Store,15.5611833724753
